"first_month","buy_month","user_id"
"2019-11-01 00:00:00+00","2019-11-01 00:00:00+00",51191
"2019-11-01 00:00:00+00","2019-11-01 00:00:00+00",127471
"2019-11-01 00:00:00+00","2019-11-01 00:00:00+00",64147
"2019-11-01 00:00:00+00","2019-11-01 00:00:00+00",116778
"2019-11-01 00:00:00+00","2019-11-01 00:00:00+00",44865
"2019-11-01 00:00:00+00","2019-11-01 00:00:00+00",126397
"2019-11-01 00:00:00+00","2019-11-01 00:00:00+00",103134
"2019-11-01 00:00:00+00","2019-11-01 00:00:00+00",118398
"2019-11-01 00:00:00+00","2019-12-01 00:00:00+00",44865
"2019-11-01 00:00:00+00","2020-03-01 00:00:00+00",44865
"2019-11-01 00:00:00+00","2020-03-01 00:00:00+00",64147
"2019-11-01 00:00:00+00","2020-04-01 00:00:00+00",44865
"2019-11-01 00:00:00+00","2020-05-01 00:00:00+00",103134
"2019-12-01 00:00:00+00","2019-12-01 00:00:00+00",45324
"2019-12-01 00:00:00+00","2019-12-01 00:00:00+00",177687
"2019-12-01 00:00:00+00","2020-03-01 00:00:00+00",177687
"2019-12-01 00:00:00+00","2020-03-01 00:00:00+00",45324
"2019-12-01 00:00:00+00","2020-04-01 00:00:00+00",45324
"2019-12-01 00:00:00+00","2020-05-01 00:00:00+00",45324
"2020-01-01 00:00:00+00","2020-01-01 00:00:00+00",224045
"2020-01-01 00:00:00+00","2020-01-01 00:00:00+00",261795
"2020-01-01 00:00:00+00","2020-01-01 00:00:00+00",114086
"2020-01-01 00:00:00+00","2020-01-01 00:00:00+00",194947
"2020-01-01 00:00:00+00","2020-01-01 00:00:00+00",52663
"2020-01-01 00:00:00+00","2020-01-01 00:00:00+00",186537
"2020-01-01 00:00:00+00","2020-01-01 00:00:00+00",330591
"2020-01-01 00:00:00+00","2020-01-01 00:00:00+00",43265
"2020-01-01 00:00:00+00","2020-01-01 00:00:00+00",234175
"2020-01-01 00:00:00+00","2020-03-01 00:00:00+00",52663
"2020-01-01 00:00:00+00","2020-03-01 00:00:00+00",43265
"2020-01-01 00:00:00+00","2020-03-01 00:00:00+00",261795
"2020-01-01 00:00:00+00","2020-04-01 00:00:00+00",186537
"2020-01-01 00:00:00+00","2020-05-01 00:00:00+00",194947
"2020-01-01 00:00:00+00","2020-05-01 00:00:00+00",43265
"2020-02-01 00:00:00+00","2020-02-01 00:00:00+00",252895
"2020-02-01 00:00:00+00","2020-02-01 00:00:00+00",35337
"2020-02-01 00:00:00+00","2020-02-01 00:00:00+00",206982
"2020-02-01 00:00:00+00","2020-02-01 00:00:00+00",19732
"2020-02-01 00:00:00+00","2020-02-01 00:00:00+00",390425
"2020-02-01 00:00:00+00","2020-02-01 00:00:00+00",610532
"2020-02-01 00:00:00+00","2020-02-01 00:00:00+00",261364
"2020-02-01 00:00:00+00","2020-02-01 00:00:00+00",483783
"2020-02-01 00:00:00+00","2020-02-01 00:00:00+00",35860
"2020-02-01 00:00:00+00","2020-02-01 00:00:00+00",517521
"2020-02-01 00:00:00+00","2020-02-01 00:00:00+00",473175
"2020-02-01 00:00:00+00","2020-02-01 00:00:00+00",53161
"2020-02-01 00:00:00+00","2020-02-01 00:00:00+00",178802
"2020-02-01 00:00:00+00","2020-02-01 00:00:00+00",504487
"2020-02-01 00:00:00+00","2020-02-01 00:00:00+00",208914
"2020-02-01 00:00:00+00","2020-02-01 00:00:00+00",504197
"2020-02-01 00:00:00+00","2020-02-01 00:00:00+00",427246
"2020-02-01 00:00:00+00","2020-02-01 00:00:00+00",128389
"2020-02-01 00:00:00+00","2020-02-01 00:00:00+00",534973
"2020-02-01 00:00:00+00","2020-02-01 00:00:00+00",18
"2020-02-01 00:00:00+00","2020-02-01 00:00:00+00",134081
"2020-02-01 00:00:00+00","2020-02-01 00:00:00+00",265917
"2020-02-01 00:00:00+00","2020-02-01 00:00:00+00",637199
"2020-02-01 00:00:00+00","2020-02-01 00:00:00+00",174110
"2020-02-01 00:00:00+00","2020-02-01 00:00:00+00",546473
"2020-02-01 00:00:00+00","2020-02-01 00:00:00+00",222061
"2020-02-01 00:00:00+00","2020-02-01 00:00:00+00",570856
"2020-02-01 00:00:00+00","2020-02-01 00:00:00+00",449093
"2020-02-01 00:00:00+00","2020-02-01 00:00:00+00",232001
"2020-02-01 00:00:00+00","2020-02-01 00:00:00+00",240607
"2020-02-01 00:00:00+00","2020-02-01 00:00:00+00",530143
"2020-02-01 00:00:00+00","2020-02-01 00:00:00+00",549494
"2020-02-01 00:00:00+00","2020-02-01 00:00:00+00",420521
"2020-02-01 00:00:00+00","2020-02-01 00:00:00+00",276326
"2020-02-01 00:00:00+00","2020-02-01 00:00:00+00",403165
"2020-02-01 00:00:00+00","2020-02-01 00:00:00+00",432634
"2020-02-01 00:00:00+00","2020-02-01 00:00:00+00",512017
"2020-02-01 00:00:00+00","2020-02-01 00:00:00+00",563038
"2020-02-01 00:00:00+00","2020-02-01 00:00:00+00",244355
"2020-02-01 00:00:00+00","2020-02-01 00:00:00+00",465514
"2020-02-01 00:00:00+00","2020-02-01 00:00:00+00",52254
"2020-02-01 00:00:00+00","2020-02-01 00:00:00+00",377824
"2020-02-01 00:00:00+00","2020-02-01 00:00:00+00",404115
"2020-02-01 00:00:00+00","2020-02-01 00:00:00+00",402080
"2020-02-01 00:00:00+00","2020-02-01 00:00:00+00",581516
"2020-02-01 00:00:00+00","2020-02-01 00:00:00+00",299788
"2020-02-01 00:00:00+00","2020-02-01 00:00:00+00",619240
"2020-02-01 00:00:00+00","2020-02-01 00:00:00+00",579378
"2020-02-01 00:00:00+00","2020-02-01 00:00:00+00",582417
"2020-02-01 00:00:00+00","2020-02-01 00:00:00+00",252875
"2020-02-01 00:00:00+00","2020-02-01 00:00:00+00",116374
"2020-02-01 00:00:00+00","2020-02-01 00:00:00+00",415732
"2020-02-01 00:00:00+00","2020-02-01 00:00:00+00",35629
"2020-02-01 00:00:00+00","2020-02-01 00:00:00+00",636151
"2020-02-01 00:00:00+00","2020-02-01 00:00:00+00",247529
"2020-02-01 00:00:00+00","2020-02-01 00:00:00+00",470994
"2020-02-01 00:00:00+00","2020-02-01 00:00:00+00",411810
"2020-02-01 00:00:00+00","2020-02-01 00:00:00+00",547913
"2020-02-01 00:00:00+00","2020-02-01 00:00:00+00",106958
"2020-02-01 00:00:00+00","2020-02-01 00:00:00+00",81990
"2020-02-01 00:00:00+00","2020-02-01 00:00:00+00",203300
"2020-02-01 00:00:00+00","2020-02-01 00:00:00+00",571873
"2020-02-01 00:00:00+00","2020-02-01 00:00:00+00",502997
"2020-02-01 00:00:00+00","2020-02-01 00:00:00+00",537807
"2020-02-01 00:00:00+00","2020-02-01 00:00:00+00",600690
"2020-02-01 00:00:00+00","2020-02-01 00:00:00+00",398604
"2020-02-01 00:00:00+00","2020-03-01 00:00:00+00",35860
"2020-02-01 00:00:00+00","2020-03-01 00:00:00+00",53161
"2020-02-01 00:00:00+00","2020-03-01 00:00:00+00",252875
"2020-02-01 00:00:00+00","2020-03-01 00:00:00+00",403165
"2020-02-01 00:00:00+00","2020-03-01 00:00:00+00",247529
"2020-02-01 00:00:00+00","2020-03-01 00:00:00+00",81990
"2020-02-01 00:00:00+00","2020-03-01 00:00:00+00",398604
"2020-02-01 00:00:00+00","2020-03-01 00:00:00+00",432634
"2020-02-01 00:00:00+00","2020-03-01 00:00:00+00",116374
"2020-02-01 00:00:00+00","2020-03-01 00:00:00+00",52254
"2020-02-01 00:00:00+00","2020-03-01 00:00:00+00",106958
"2020-02-01 00:00:00+00","2020-03-01 00:00:00+00",473175
"2020-02-01 00:00:00+00","2020-04-01 00:00:00+00",512017
"2020-02-01 00:00:00+00","2020-04-01 00:00:00+00",403165
"2020-02-01 00:00:00+00","2020-04-01 00:00:00+00",106958
"2020-02-01 00:00:00+00","2020-04-01 00:00:00+00",546473
"2020-02-01 00:00:00+00","2020-04-01 00:00:00+00",537807
"2020-02-01 00:00:00+00","2020-04-01 00:00:00+00",18
"2020-02-01 00:00:00+00","2020-04-01 00:00:00+00",35629
"2020-02-01 00:00:00+00","2020-05-01 00:00:00+00",247529
"2020-02-01 00:00:00+00","2020-05-01 00:00:00+00",427246
"2020-02-01 00:00:00+00","2020-05-01 00:00:00+00",512017
"2020-02-01 00:00:00+00","2020-05-01 00:00:00+00",402080
"2020-02-01 00:00:00+00","2020-05-01 00:00:00+00",299788
"2020-02-01 00:00:00+00","2020-05-01 00:00:00+00",53161
"2020-02-01 00:00:00+00","2020-05-01 00:00:00+00",116374
"2020-02-01 00:00:00+00","2020-05-01 00:00:00+00",403165
"2020-02-01 00:00:00+00","2020-05-01 00:00:00+00",600690
"2020-02-01 00:00:00+00","2020-06-01 00:00:00+00",106958
"2020-02-01 00:00:00+00","2020-06-01 00:00:00+00",247529
"2020-02-01 00:00:00+00","2020-06-01 00:00:00+00",403165
"2020-02-01 00:00:00+00","2020-06-01 00:00:00+00",240607
"2020-02-01 00:00:00+00","2020-06-01 00:00:00+00",299788
"2020-02-01 00:00:00+00","2020-06-01 00:00:00+00",415732
"2020-03-01 00:00:00+00","2020-03-01 00:00:00+00",410476
"2020-03-01 00:00:00+00","2020-03-01 00:00:00+00",284003
"2020-03-01 00:00:00+00","2020-03-01 00:00:00+00",194686
"2020-03-01 00:00:00+00","2020-03-01 00:00:00+00",217068
"2020-03-01 00:00:00+00","2020-03-01 00:00:00+00",118838
"2020-03-01 00:00:00+00","2020-03-01 00:00:00+00",245980
"2020-03-01 00:00:00+00","2020-03-01 00:00:00+00",74633
"2020-03-01 00:00:00+00","2020-03-01 00:00:00+00",224122
"2020-03-01 00:00:00+00","2020-03-01 00:00:00+00",482204
"2020-03-01 00:00:00+00","2020-03-01 00:00:00+00",399790
"2020-03-01 00:00:00+00","2020-03-01 00:00:00+00",220867
"2020-03-01 00:00:00+00","2020-03-01 00:00:00+00",398187
"2020-03-01 00:00:00+00","2020-03-01 00:00:00+00",223898
"2020-03-01 00:00:00+00","2020-03-01 00:00:00+00",268338
"2020-03-01 00:00:00+00","2020-03-01 00:00:00+00",487149
"2020-03-01 00:00:00+00","2020-03-01 00:00:00+00",401715
"2020-03-01 00:00:00+00","2020-03-01 00:00:00+00",271371
"2020-03-01 00:00:00+00","2020-03-01 00:00:00+00",421198
"2020-03-01 00:00:00+00","2020-03-01 00:00:00+00",338797
"2020-03-01 00:00:00+00","2020-03-01 00:00:00+00",460812
"2020-03-01 00:00:00+00","2020-03-01 00:00:00+00",396637
"2020-03-01 00:00:00+00","2020-03-01 00:00:00+00",302753
"2020-03-01 00:00:00+00","2020-03-01 00:00:00+00",410505
"2020-03-01 00:00:00+00","2020-03-01 00:00:00+00",17894
"2020-03-01 00:00:00+00","2020-03-01 00:00:00+00",185549
"2020-03-01 00:00:00+00","2020-03-01 00:00:00+00",254822
"2020-03-01 00:00:00+00","2020-03-01 00:00:00+00",397222
"2020-03-01 00:00:00+00","2020-03-01 00:00:00+00",127949
"2020-03-01 00:00:00+00","2020-03-01 00:00:00+00",235377
"2020-03-01 00:00:00+00","2020-03-01 00:00:00+00",419328
"2020-03-01 00:00:00+00","2020-03-01 00:00:00+00",312153
"2020-03-01 00:00:00+00","2020-03-01 00:00:00+00",132315
"2020-03-01 00:00:00+00","2020-03-01 00:00:00+00",421762
"2020-03-01 00:00:00+00","2020-03-01 00:00:00+00",473540
"2020-03-01 00:00:00+00","2020-03-01 00:00:00+00",419611
"2020-03-01 00:00:00+00","2020-03-01 00:00:00+00",223050
"2020-03-01 00:00:00+00","2020-03-01 00:00:00+00",314850
"2020-03-01 00:00:00+00","2020-03-01 00:00:00+00",125587
"2020-03-01 00:00:00+00","2020-03-01 00:00:00+00",404598
"2020-03-01 00:00:00+00","2020-03-01 00:00:00+00",29588
"2020-03-01 00:00:00+00","2020-03-01 00:00:00+00",403210
"2020-03-01 00:00:00+00","2020-03-01 00:00:00+00",371962
"2020-03-01 00:00:00+00","2020-03-01 00:00:00+00",231903
"2020-03-01 00:00:00+00","2020-03-01 00:00:00+00",420654
"2020-03-01 00:00:00+00","2020-03-01 00:00:00+00",212868
"2020-03-01 00:00:00+00","2020-03-01 00:00:00+00",6278
"2020-03-01 00:00:00+00","2020-03-01 00:00:00+00",294336
"2020-03-01 00:00:00+00","2020-03-01 00:00:00+00",359095
"2020-03-01 00:00:00+00","2020-03-01 00:00:00+00",412589
"2020-03-01 00:00:00+00","2020-03-01 00:00:00+00",397696
"2020-03-01 00:00:00+00","2020-03-01 00:00:00+00",324455
"2020-03-01 00:00:00+00","2020-03-01 00:00:00+00",400439
"2020-03-01 00:00:00+00","2020-03-01 00:00:00+00",150375
"2020-03-01 00:00:00+00","2020-03-01 00:00:00+00",232154
"2020-03-01 00:00:00+00","2020-03-01 00:00:00+00",411973
"2020-03-01 00:00:00+00","2020-03-01 00:00:00+00",340155
"2020-03-01 00:00:00+00","2020-03-01 00:00:00+00",398788
"2020-03-01 00:00:00+00","2020-03-01 00:00:00+00",304633
"2020-03-01 00:00:00+00","2020-03-01 00:00:00+00",393807
"2020-03-01 00:00:00+00","2020-03-01 00:00:00+00",398622
"2020-03-01 00:00:00+00","2020-03-01 00:00:00+00",235919
"2020-03-01 00:00:00+00","2020-03-01 00:00:00+00",258684
"2020-03-01 00:00:00+00","2020-03-01 00:00:00+00",452456
"2020-03-01 00:00:00+00","2020-03-01 00:00:00+00",342465
"2020-03-01 00:00:00+00","2020-03-01 00:00:00+00",329234
"2020-03-01 00:00:00+00","2020-03-01 00:00:00+00",301891
"2020-03-01 00:00:00+00","2020-03-01 00:00:00+00",211498
"2020-03-01 00:00:00+00","2020-03-01 00:00:00+00",447578
"2020-03-01 00:00:00+00","2020-03-01 00:00:00+00",394450
"2020-03-01 00:00:00+00","2020-03-01 00:00:00+00",10515
"2020-03-01 00:00:00+00","2020-03-01 00:00:00+00",411476
"2020-03-01 00:00:00+00","2020-03-01 00:00:00+00",39059
"2020-03-01 00:00:00+00","2020-03-01 00:00:00+00",84710
"2020-03-01 00:00:00+00","2020-03-01 00:00:00+00",449659
"2020-03-01 00:00:00+00","2020-03-01 00:00:00+00",393179
"2020-03-01 00:00:00+00","2020-03-01 00:00:00+00",323451
"2020-03-01 00:00:00+00","2020-03-01 00:00:00+00",73884
"2020-03-01 00:00:00+00","2020-03-01 00:00:00+00",403164
"2020-03-01 00:00:00+00","2020-03-01 00:00:00+00",426725
"2020-03-01 00:00:00+00","2020-03-01 00:00:00+00",127778
"2020-03-01 00:00:00+00","2020-03-01 00:00:00+00",367512
"2020-03-01 00:00:00+00","2020-03-01 00:00:00+00",233471
"2020-03-01 00:00:00+00","2020-03-01 00:00:00+00",407216
"2020-03-01 00:00:00+00","2020-03-01 00:00:00+00",406322
"2020-03-01 00:00:00+00","2020-03-01 00:00:00+00",322067
"2020-03-01 00:00:00+00","2020-03-01 00:00:00+00",396221
"2020-03-01 00:00:00+00","2020-03-01 00:00:00+00",214637
"2020-03-01 00:00:00+00","2020-03-01 00:00:00+00",211267
"2020-03-01 00:00:00+00","2020-03-01 00:00:00+00",423729
"2020-03-01 00:00:00+00","2020-03-01 00:00:00+00",80067
"2020-03-01 00:00:00+00","2020-03-01 00:00:00+00",405121
"2020-03-01 00:00:00+00","2020-03-01 00:00:00+00",109737
"2020-03-01 00:00:00+00","2020-03-01 00:00:00+00",408113
"2020-03-01 00:00:00+00","2020-03-01 00:00:00+00",386975
"2020-03-01 00:00:00+00","2020-03-01 00:00:00+00",53450
"2020-03-01 00:00:00+00","2020-03-01 00:00:00+00",415216
"2020-03-01 00:00:00+00","2020-03-01 00:00:00+00",447360
"2020-03-01 00:00:00+00","2020-03-01 00:00:00+00",289960
"2020-03-01 00:00:00+00","2020-03-01 00:00:00+00",396332
"2020-03-01 00:00:00+00","2020-03-01 00:00:00+00",340851
"2020-03-01 00:00:00+00","2020-03-01 00:00:00+00",437261
"2020-03-01 00:00:00+00","2020-03-01 00:00:00+00",406749
"2020-03-01 00:00:00+00","2020-03-01 00:00:00+00",43325
"2020-03-01 00:00:00+00","2020-03-01 00:00:00+00",403618
"2020-03-01 00:00:00+00","2020-03-01 00:00:00+00",231468
"2020-03-01 00:00:00+00","2020-03-01 00:00:00+00",305004
"2020-03-01 00:00:00+00","2020-03-01 00:00:00+00",397949
"2020-03-01 00:00:00+00","2020-03-01 00:00:00+00",252675
"2020-03-01 00:00:00+00","2020-03-01 00:00:00+00",416474
"2020-03-01 00:00:00+00","2020-03-01 00:00:00+00",342421
"2020-03-01 00:00:00+00","2020-03-01 00:00:00+00",322596
"2020-03-01 00:00:00+00","2020-04-01 00:00:00+00",399790
"2020-03-01 00:00:00+00","2020-04-01 00:00:00+00",235919
"2020-03-01 00:00:00+00","2020-04-01 00:00:00+00",217068
"2020-03-01 00:00:00+00","2020-04-01 00:00:00+00",406322
"2020-03-01 00:00:00+00","2020-04-01 00:00:00+00",254822
"2020-03-01 00:00:00+00","2020-04-01 00:00:00+00",80067
"2020-03-01 00:00:00+00","2020-05-01 00:00:00+00",252675
"2020-03-01 00:00:00+00","2020-05-01 00:00:00+00",39059
"2020-03-01 00:00:00+00","2020-05-01 00:00:00+00",43325
"2020-03-01 00:00:00+00","2020-05-01 00:00:00+00",217068
"2020-03-01 00:00:00+00","2020-05-01 00:00:00+00",132315
"2020-03-01 00:00:00+00","2020-05-01 00:00:00+00",84710
"2020-03-01 00:00:00+00","2020-05-01 00:00:00+00",232154
"2020-03-01 00:00:00+00","2020-05-01 00:00:00+00",284003
"2020-03-01 00:00:00+00","2020-06-01 00:00:00+00",399790
"2020-03-01 00:00:00+00","2020-06-01 00:00:00+00",194686
"2020-03-01 00:00:00+00","2020-06-01 00:00:00+00",254822
"2020-03-01 00:00:00+00","2020-06-01 00:00:00+00",80067
"2020-03-01 00:00:00+00","2020-06-01 00:00:00+00",29588
"2020-03-01 00:00:00+00","2020-06-01 00:00:00+00",231468
"2020-03-01 00:00:00+00","2020-06-01 00:00:00+00",406322
"2020-04-01 00:00:00+00","2020-04-01 00:00:00+00",668601
"2020-04-01 00:00:00+00","2020-04-01 00:00:00+00",104019
"2020-04-01 00:00:00+00","2020-04-01 00:00:00+00",353909
"2020-04-01 00:00:00+00","2020-04-01 00:00:00+00",950923
"2020-04-01 00:00:00+00","2020-04-01 00:00:00+00",188476
"2020-04-01 00:00:00+00","2020-04-01 00:00:00+00",735002
"2020-04-01 00:00:00+00","2020-04-01 00:00:00+00",931429
"2020-04-01 00:00:00+00","2020-04-01 00:00:00+00",425258
"2020-04-01 00:00:00+00","2020-04-01 00:00:00+00",720253
"2020-04-01 00:00:00+00","2020-04-01 00:00:00+00",188257
"2020-04-01 00:00:00+00","2020-04-01 00:00:00+00",167796
"2020-04-01 00:00:00+00","2020-04-01 00:00:00+00",932226
"2020-04-01 00:00:00+00","2020-04-01 00:00:00+00",721673
"2020-04-01 00:00:00+00","2020-04-01 00:00:00+00",165838
"2020-04-01 00:00:00+00","2020-04-01 00:00:00+00",733063
"2020-04-01 00:00:00+00","2020-04-01 00:00:00+00",896693
"2020-04-01 00:00:00+00","2020-04-01 00:00:00+00",715719
"2020-04-01 00:00:00+00","2020-04-01 00:00:00+00",936986
"2020-04-01 00:00:00+00","2020-04-01 00:00:00+00",950276
"2020-04-01 00:00:00+00","2020-04-01 00:00:00+00",786678
"2020-04-01 00:00:00+00","2020-04-01 00:00:00+00",724805
"2020-04-01 00:00:00+00","2020-04-01 00:00:00+00",841275
"2020-04-01 00:00:00+00","2020-04-01 00:00:00+00",796529
"2020-04-01 00:00:00+00","2020-04-01 00:00:00+00",365504
"2020-04-01 00:00:00+00","2020-04-01 00:00:00+00",424349
"2020-04-01 00:00:00+00","2020-04-01 00:00:00+00",968724
"2020-04-01 00:00:00+00","2020-04-01 00:00:00+00",898619
"2020-04-01 00:00:00+00","2020-04-01 00:00:00+00",748419
"2020-04-01 00:00:00+00","2020-04-01 00:00:00+00",67750
"2020-04-01 00:00:00+00","2020-04-01 00:00:00+00",781024
"2020-04-01 00:00:00+00","2020-04-01 00:00:00+00",195898
"2020-04-01 00:00:00+00","2020-04-01 00:00:00+00",189233
"2020-04-01 00:00:00+00","2020-04-01 00:00:00+00",692898
"2020-04-01 00:00:00+00","2020-04-01 00:00:00+00",255812
"2020-04-01 00:00:00+00","2020-04-01 00:00:00+00",869806
"2020-04-01 00:00:00+00","2020-04-01 00:00:00+00",974647
"2020-04-01 00:00:00+00","2020-04-01 00:00:00+00",223245
"2020-04-01 00:00:00+00","2020-04-01 00:00:00+00",160478
"2020-04-01 00:00:00+00","2020-04-01 00:00:00+00",807856
"2020-04-01 00:00:00+00","2020-04-01 00:00:00+00",103587
"2020-04-01 00:00:00+00","2020-04-01 00:00:00+00",893813
"2020-04-01 00:00:00+00","2020-04-01 00:00:00+00",711297
"2020-04-01 00:00:00+00","2020-04-01 00:00:00+00",59574
"2020-04-01 00:00:00+00","2020-04-01 00:00:00+00",186505
"2020-04-01 00:00:00+00","2020-04-01 00:00:00+00",693505
"2020-04-01 00:00:00+00","2020-04-01 00:00:00+00",299898
"2020-04-01 00:00:00+00","2020-04-01 00:00:00+00",391737
"2020-04-01 00:00:00+00","2020-04-01 00:00:00+00",929845
"2020-04-01 00:00:00+00","2020-04-01 00:00:00+00",899520
"2020-04-01 00:00:00+00","2020-04-01 00:00:00+00",141529
"2020-04-01 00:00:00+00","2020-04-01 00:00:00+00",198894
"2020-04-01 00:00:00+00","2020-04-01 00:00:00+00",972205
"2020-04-01 00:00:00+00","2020-04-01 00:00:00+00",706821
"2020-04-01 00:00:00+00","2020-04-01 00:00:00+00",934907
"2020-04-01 00:00:00+00","2020-04-01 00:00:00+00",717652
"2020-04-01 00:00:00+00","2020-04-01 00:00:00+00",800989
"2020-04-01 00:00:00+00","2020-04-01 00:00:00+00",52965
"2020-04-01 00:00:00+00","2020-04-01 00:00:00+00",923552
"2020-04-01 00:00:00+00","2020-04-01 00:00:00+00",596458
"2020-04-01 00:00:00+00","2020-04-01 00:00:00+00",340406
"2020-04-01 00:00:00+00","2020-04-01 00:00:00+00",209851
"2020-04-01 00:00:00+00","2020-04-01 00:00:00+00",898383
"2020-04-01 00:00:00+00","2020-04-01 00:00:00+00",708125
"2020-04-01 00:00:00+00","2020-04-01 00:00:00+00",885001
"2020-04-01 00:00:00+00","2020-04-01 00:00:00+00",183904
"2020-04-01 00:00:00+00","2020-04-01 00:00:00+00",939203
"2020-04-01 00:00:00+00","2020-04-01 00:00:00+00",923565
"2020-04-01 00:00:00+00","2020-04-01 00:00:00+00",721592
"2020-04-01 00:00:00+00","2020-04-01 00:00:00+00",909881
"2020-04-01 00:00:00+00","2020-04-01 00:00:00+00",748363
"2020-04-01 00:00:00+00","2020-04-01 00:00:00+00",421524
"2020-04-01 00:00:00+00","2020-04-01 00:00:00+00",694962
"2020-04-01 00:00:00+00","2020-04-01 00:00:00+00",916304
"2020-04-01 00:00:00+00","2020-04-01 00:00:00+00",409831
"2020-04-01 00:00:00+00","2020-04-01 00:00:00+00",703545
"2020-04-01 00:00:00+00","2020-04-01 00:00:00+00",205537
"2020-04-01 00:00:00+00","2020-04-01 00:00:00+00",768641
"2020-04-01 00:00:00+00","2020-04-01 00:00:00+00",199506
"2020-04-01 00:00:00+00","2020-04-01 00:00:00+00",173494
"2020-04-01 00:00:00+00","2020-04-01 00:00:00+00",723001
"2020-04-01 00:00:00+00","2020-04-01 00:00:00+00",213988
"2020-04-01 00:00:00+00","2020-04-01 00:00:00+00",943096
"2020-04-01 00:00:00+00","2020-04-01 00:00:00+00",728147
"2020-04-01 00:00:00+00","2020-04-01 00:00:00+00",901723
"2020-04-01 00:00:00+00","2020-04-01 00:00:00+00",170664
"2020-04-01 00:00:00+00","2020-04-01 00:00:00+00",465123
"2020-04-01 00:00:00+00","2020-04-01 00:00:00+00",976435
"2020-04-01 00:00:00+00","2020-04-01 00:00:00+00",962659
"2020-04-01 00:00:00+00","2020-04-01 00:00:00+00",902421
"2020-04-01 00:00:00+00","2020-04-01 00:00:00+00",885491
"2020-04-01 00:00:00+00","2020-04-01 00:00:00+00",974742
"2020-04-01 00:00:00+00","2020-04-01 00:00:00+00",860295
"2020-04-01 00:00:00+00","2020-04-01 00:00:00+00",941478
"2020-04-01 00:00:00+00","2020-04-01 00:00:00+00",133131
"2020-04-01 00:00:00+00","2020-04-01 00:00:00+00",860778
"2020-04-01 00:00:00+00","2020-04-01 00:00:00+00",725950
"2020-04-01 00:00:00+00","2020-04-01 00:00:00+00",232339
"2020-04-01 00:00:00+00","2020-04-01 00:00:00+00",169340
"2020-04-01 00:00:00+00","2020-04-01 00:00:00+00",971862
"2020-04-01 00:00:00+00","2020-04-01 00:00:00+00",267722
"2020-04-01 00:00:00+00","2020-04-01 00:00:00+00",935023
"2020-04-01 00:00:00+00","2020-04-01 00:00:00+00",807455
"2020-04-01 00:00:00+00","2020-04-01 00:00:00+00",903141
"2020-04-01 00:00:00+00","2020-04-01 00:00:00+00",104523
"2020-04-01 00:00:00+00","2020-04-01 00:00:00+00",866095
"2020-04-01 00:00:00+00","2020-04-01 00:00:00+00",978906
"2020-04-01 00:00:00+00","2020-04-01 00:00:00+00",983649
"2020-04-01 00:00:00+00","2020-04-01 00:00:00+00",750484
"2020-04-01 00:00:00+00","2020-04-01 00:00:00+00",194038
"2020-04-01 00:00:00+00","2020-04-01 00:00:00+00",169091
"2020-04-01 00:00:00+00","2020-04-01 00:00:00+00",929528
"2020-04-01 00:00:00+00","2020-04-01 00:00:00+00",961629
"2020-04-01 00:00:00+00","2020-04-01 00:00:00+00",178837
"2020-04-01 00:00:00+00","2020-04-01 00:00:00+00",926799
"2020-04-01 00:00:00+00","2020-04-01 00:00:00+00",917051
"2020-04-01 00:00:00+00","2020-04-01 00:00:00+00",888159
"2020-04-01 00:00:00+00","2020-04-01 00:00:00+00",189215
"2020-04-01 00:00:00+00","2020-04-01 00:00:00+00",769920
"2020-04-01 00:00:00+00","2020-04-01 00:00:00+00",788528
"2020-04-01 00:00:00+00","2020-04-01 00:00:00+00",456320
"2020-04-01 00:00:00+00","2020-04-01 00:00:00+00",112290
"2020-04-01 00:00:00+00","2020-04-01 00:00:00+00",211980
"2020-04-01 00:00:00+00","2020-04-01 00:00:00+00",925816
"2020-04-01 00:00:00+00","2020-04-01 00:00:00+00",953009
"2020-04-01 00:00:00+00","2020-04-01 00:00:00+00",853456
"2020-04-01 00:00:00+00","2020-04-01 00:00:00+00",696938
"2020-04-01 00:00:00+00","2020-04-01 00:00:00+00",193312
"2020-04-01 00:00:00+00","2020-04-01 00:00:00+00",845688
"2020-04-01 00:00:00+00","2020-04-01 00:00:00+00",925876
"2020-04-01 00:00:00+00","2020-04-01 00:00:00+00",587081
"2020-04-01 00:00:00+00","2020-04-01 00:00:00+00",589614
"2020-04-01 00:00:00+00","2020-04-01 00:00:00+00",942499
"2020-04-01 00:00:00+00","2020-04-01 00:00:00+00",213957
"2020-04-01 00:00:00+00","2020-04-01 00:00:00+00",482717
"2020-04-01 00:00:00+00","2020-04-01 00:00:00+00",952355
"2020-04-01 00:00:00+00","2020-04-01 00:00:00+00",699353
"2020-04-01 00:00:00+00","2020-04-01 00:00:00+00",53301
"2020-04-01 00:00:00+00","2020-04-01 00:00:00+00",708745
"2020-04-01 00:00:00+00","2020-04-01 00:00:00+00",143365
"2020-04-01 00:00:00+00","2020-04-01 00:00:00+00",719727
"2020-04-01 00:00:00+00","2020-04-01 00:00:00+00",890874
"2020-04-01 00:00:00+00","2020-04-01 00:00:00+00",903301
"2020-04-01 00:00:00+00","2020-04-01 00:00:00+00",893211
"2020-04-01 00:00:00+00","2020-04-01 00:00:00+00",962130
"2020-04-01 00:00:00+00","2020-04-01 00:00:00+00",709969
"2020-04-01 00:00:00+00","2020-04-01 00:00:00+00",491576
"2020-04-01 00:00:00+00","2020-04-01 00:00:00+00",717071
"2020-04-01 00:00:00+00","2020-04-01 00:00:00+00",759593
"2020-04-01 00:00:00+00","2020-04-01 00:00:00+00",689368
"2020-04-01 00:00:00+00","2020-04-01 00:00:00+00",902446
"2020-04-01 00:00:00+00","2020-04-01 00:00:00+00",194917
"2020-04-01 00:00:00+00","2020-04-01 00:00:00+00",108865
"2020-04-01 00:00:00+00","2020-04-01 00:00:00+00",359244
"2020-04-01 00:00:00+00","2020-04-01 00:00:00+00",901743
"2020-04-01 00:00:00+00","2020-04-01 00:00:00+00",787277
"2020-04-01 00:00:00+00","2020-04-01 00:00:00+00",165765
"2020-04-01 00:00:00+00","2020-04-01 00:00:00+00",412690
"2020-04-01 00:00:00+00","2020-04-01 00:00:00+00",634733
"2020-04-01 00:00:00+00","2020-04-01 00:00:00+00",976280
"2020-04-01 00:00:00+00","2020-04-01 00:00:00+00",176891
"2020-04-01 00:00:00+00","2020-04-01 00:00:00+00",115069
"2020-04-01 00:00:00+00","2020-04-01 00:00:00+00",971555
"2020-04-01 00:00:00+00","2020-04-01 00:00:00+00",720941
"2020-04-01 00:00:00+00","2020-04-01 00:00:00+00",916666
"2020-04-01 00:00:00+00","2020-04-01 00:00:00+00",890962
"2020-04-01 00:00:00+00","2020-04-01 00:00:00+00",808780
"2020-04-01 00:00:00+00","2020-04-01 00:00:00+00",424416
"2020-04-01 00:00:00+00","2020-04-01 00:00:00+00",983922
"2020-04-01 00:00:00+00","2020-04-01 00:00:00+00",204416
"2020-04-01 00:00:00+00","2020-04-01 00:00:00+00",501321
"2020-04-01 00:00:00+00","2020-04-01 00:00:00+00",423335
"2020-04-01 00:00:00+00","2020-04-01 00:00:00+00",630968
"2020-04-01 00:00:00+00","2020-04-01 00:00:00+00",275630
"2020-04-01 00:00:00+00","2020-04-01 00:00:00+00",248606
"2020-04-01 00:00:00+00","2020-04-01 00:00:00+00",966479
"2020-04-01 00:00:00+00","2020-04-01 00:00:00+00",751072
"2020-04-01 00:00:00+00","2020-04-01 00:00:00+00",189207
"2020-04-01 00:00:00+00","2020-04-01 00:00:00+00",184905
"2020-04-01 00:00:00+00","2020-04-01 00:00:00+00",192804
"2020-04-01 00:00:00+00","2020-04-01 00:00:00+00",152510
"2020-04-01 00:00:00+00","2020-04-01 00:00:00+00",707341
"2020-04-01 00:00:00+00","2020-04-01 00:00:00+00",216375
"2020-04-01 00:00:00+00","2020-04-01 00:00:00+00",297038
"2020-04-01 00:00:00+00","2020-04-01 00:00:00+00",972089
"2020-04-01 00:00:00+00","2020-04-01 00:00:00+00",326823
"2020-04-01 00:00:00+00","2020-04-01 00:00:00+00",965810
"2020-04-01 00:00:00+00","2020-04-01 00:00:00+00",661814
"2020-04-01 00:00:00+00","2020-04-01 00:00:00+00",960572
"2020-04-01 00:00:00+00","2020-04-01 00:00:00+00",777026
"2020-04-01 00:00:00+00","2020-04-01 00:00:00+00",926501
"2020-04-01 00:00:00+00","2020-04-01 00:00:00+00",836098
"2020-04-01 00:00:00+00","2020-04-01 00:00:00+00",905111
"2020-04-01 00:00:00+00","2020-04-01 00:00:00+00",259285
"2020-04-01 00:00:00+00","2020-04-01 00:00:00+00",103704
"2020-04-01 00:00:00+00","2020-04-01 00:00:00+00",946196
"2020-04-01 00:00:00+00","2020-04-01 00:00:00+00",800828
"2020-04-01 00:00:00+00","2020-04-01 00:00:00+00",713575
"2020-04-01 00:00:00+00","2020-04-01 00:00:00+00",909293
"2020-04-01 00:00:00+00","2020-04-01 00:00:00+00",648550
"2020-04-01 00:00:00+00","2020-04-01 00:00:00+00",761133
"2020-04-01 00:00:00+00","2020-04-01 00:00:00+00",973520
"2020-04-01 00:00:00+00","2020-04-01 00:00:00+00",908737
"2020-04-01 00:00:00+00","2020-04-01 00:00:00+00",913644
"2020-04-01 00:00:00+00","2020-04-01 00:00:00+00",931617
"2020-04-01 00:00:00+00","2020-04-01 00:00:00+00",906820
"2020-04-01 00:00:00+00","2020-04-01 00:00:00+00",730115
"2020-04-01 00:00:00+00","2020-04-01 00:00:00+00",936661
"2020-04-01 00:00:00+00","2020-04-01 00:00:00+00",719414
"2020-04-01 00:00:00+00","2020-04-01 00:00:00+00",166063
"2020-04-01 00:00:00+00","2020-04-01 00:00:00+00",475919
"2020-04-01 00:00:00+00","2020-04-01 00:00:00+00",719273
"2020-04-01 00:00:00+00","2020-04-01 00:00:00+00",715687
"2020-04-01 00:00:00+00","2020-04-01 00:00:00+00",105300
"2020-04-01 00:00:00+00","2020-04-01 00:00:00+00",926720
"2020-04-01 00:00:00+00","2020-04-01 00:00:00+00",940298
"2020-04-01 00:00:00+00","2020-04-01 00:00:00+00",906895
"2020-04-01 00:00:00+00","2020-04-01 00:00:00+00",912049
"2020-04-01 00:00:00+00","2020-04-01 00:00:00+00",758463
"2020-04-01 00:00:00+00","2020-04-01 00:00:00+00",939550
"2020-04-01 00:00:00+00","2020-04-01 00:00:00+00",468027
"2020-04-01 00:00:00+00","2020-04-01 00:00:00+00",251221
"2020-04-01 00:00:00+00","2020-04-01 00:00:00+00",581735
"2020-04-01 00:00:00+00","2020-04-01 00:00:00+00",905108
"2020-04-01 00:00:00+00","2020-04-01 00:00:00+00",825032
"2020-04-01 00:00:00+00","2020-04-01 00:00:00+00",180049
"2020-04-01 00:00:00+00","2020-04-01 00:00:00+00",906524
"2020-04-01 00:00:00+00","2020-04-01 00:00:00+00",830036
"2020-04-01 00:00:00+00","2020-04-01 00:00:00+00",226370
"2020-04-01 00:00:00+00","2020-04-01 00:00:00+00",737747
"2020-04-01 00:00:00+00","2020-04-01 00:00:00+00",94745
"2020-04-01 00:00:00+00","2020-04-01 00:00:00+00",935512
"2020-04-01 00:00:00+00","2020-04-01 00:00:00+00",192645
"2020-04-01 00:00:00+00","2020-04-01 00:00:00+00",726195
"2020-04-01 00:00:00+00","2020-04-01 00:00:00+00",950225
"2020-04-01 00:00:00+00","2020-04-01 00:00:00+00",189755
"2020-04-01 00:00:00+00","2020-04-01 00:00:00+00",804606
"2020-04-01 00:00:00+00","2020-04-01 00:00:00+00",248432
"2020-04-01 00:00:00+00","2020-04-01 00:00:00+00",555016
"2020-04-01 00:00:00+00","2020-04-01 00:00:00+00",857811
"2020-04-01 00:00:00+00","2020-04-01 00:00:00+00",870301
"2020-04-01 00:00:00+00","2020-04-01 00:00:00+00",919289
"2020-04-01 00:00:00+00","2020-04-01 00:00:00+00",164276
"2020-04-01 00:00:00+00","2020-04-01 00:00:00+00",145901
"2020-04-01 00:00:00+00","2020-04-01 00:00:00+00",110473
"2020-04-01 00:00:00+00","2020-04-01 00:00:00+00",416491
"2020-04-01 00:00:00+00","2020-04-01 00:00:00+00",912868
"2020-04-01 00:00:00+00","2020-04-01 00:00:00+00",936796
"2020-04-01 00:00:00+00","2020-04-01 00:00:00+00",927237
"2020-04-01 00:00:00+00","2020-04-01 00:00:00+00",733459
"2020-04-01 00:00:00+00","2020-04-01 00:00:00+00",567490
"2020-04-01 00:00:00+00","2020-04-01 00:00:00+00",457354
"2020-04-01 00:00:00+00","2020-04-01 00:00:00+00",715243
"2020-04-01 00:00:00+00","2020-04-01 00:00:00+00",904275
"2020-04-01 00:00:00+00","2020-04-01 00:00:00+00",427889
"2020-04-01 00:00:00+00","2020-04-01 00:00:00+00",937300
"2020-04-01 00:00:00+00","2020-04-01 00:00:00+00",597868
"2020-04-01 00:00:00+00","2020-04-01 00:00:00+00",919558
"2020-04-01 00:00:00+00","2020-04-01 00:00:00+00",604345
"2020-04-01 00:00:00+00","2020-04-01 00:00:00+00",345662
"2020-04-01 00:00:00+00","2020-04-01 00:00:00+00",845060
"2020-04-01 00:00:00+00","2020-04-01 00:00:00+00",187115
"2020-04-01 00:00:00+00","2020-04-01 00:00:00+00",847231
"2020-04-01 00:00:00+00","2020-04-01 00:00:00+00",925867
"2020-04-01 00:00:00+00","2020-04-01 00:00:00+00",905944
"2020-04-01 00:00:00+00","2020-04-01 00:00:00+00",195845
"2020-04-01 00:00:00+00","2020-04-01 00:00:00+00",694355
"2020-04-01 00:00:00+00","2020-04-01 00:00:00+00",169134
"2020-04-01 00:00:00+00","2020-04-01 00:00:00+00",893404
"2020-04-01 00:00:00+00","2020-04-01 00:00:00+00",165873
"2020-04-01 00:00:00+00","2020-04-01 00:00:00+00",909603
"2020-04-01 00:00:00+00","2020-04-01 00:00:00+00",786151
"2020-04-01 00:00:00+00","2020-04-01 00:00:00+00",176380
"2020-04-01 00:00:00+00","2020-04-01 00:00:00+00",204922
"2020-04-01 00:00:00+00","2020-04-01 00:00:00+00",692385
"2020-04-01 00:00:00+00","2020-04-01 00:00:00+00",733051
"2020-04-01 00:00:00+00","2020-04-01 00:00:00+00",932848
"2020-04-01 00:00:00+00","2020-04-01 00:00:00+00",187253
"2020-04-01 00:00:00+00","2020-04-01 00:00:00+00",895509
"2020-04-01 00:00:00+00","2020-04-01 00:00:00+00",252683
"2020-04-01 00:00:00+00","2020-04-01 00:00:00+00",339505
"2020-04-01 00:00:00+00","2020-04-01 00:00:00+00",467479
"2020-04-01 00:00:00+00","2020-04-01 00:00:00+00",369332
"2020-04-01 00:00:00+00","2020-04-01 00:00:00+00",948229
"2020-04-01 00:00:00+00","2020-04-01 00:00:00+00",933234
"2020-04-01 00:00:00+00","2020-04-01 00:00:00+00",170096
"2020-04-01 00:00:00+00","2020-04-01 00:00:00+00",720873
"2020-04-01 00:00:00+00","2020-04-01 00:00:00+00",165084
"2020-04-01 00:00:00+00","2020-04-01 00:00:00+00",706797
"2020-04-01 00:00:00+00","2020-04-01 00:00:00+00",29545
"2020-04-01 00:00:00+00","2020-04-01 00:00:00+00",58839
"2020-04-01 00:00:00+00","2020-04-01 00:00:00+00",492952
"2020-04-01 00:00:00+00","2020-04-01 00:00:00+00",972133
"2020-04-01 00:00:00+00","2020-04-01 00:00:00+00",122584
"2020-04-01 00:00:00+00","2020-04-01 00:00:00+00",185033
"2020-04-01 00:00:00+00","2020-04-01 00:00:00+00",202359
"2020-04-01 00:00:00+00","2020-04-01 00:00:00+00",953943
"2020-04-01 00:00:00+00","2020-04-01 00:00:00+00",975023
"2020-04-01 00:00:00+00","2020-04-01 00:00:00+00",939680
"2020-04-01 00:00:00+00","2020-04-01 00:00:00+00",183032
"2020-04-01 00:00:00+00","2020-04-01 00:00:00+00",155954
"2020-04-01 00:00:00+00","2020-04-01 00:00:00+00",905420
"2020-04-01 00:00:00+00","2020-04-01 00:00:00+00",253586
"2020-04-01 00:00:00+00","2020-04-01 00:00:00+00",640955
"2020-04-01 00:00:00+00","2020-04-01 00:00:00+00",204706
"2020-04-01 00:00:00+00","2020-04-01 00:00:00+00",186310
"2020-04-01 00:00:00+00","2020-04-01 00:00:00+00",618465
"2020-04-01 00:00:00+00","2020-04-01 00:00:00+00",281283
"2020-04-01 00:00:00+00","2020-04-01 00:00:00+00",962392
"2020-04-01 00:00:00+00","2020-04-01 00:00:00+00",201779
"2020-04-01 00:00:00+00","2020-04-01 00:00:00+00",964137
"2020-04-01 00:00:00+00","2020-04-01 00:00:00+00",753529
"2020-04-01 00:00:00+00","2020-04-01 00:00:00+00",726735
"2020-04-01 00:00:00+00","2020-04-01 00:00:00+00",189343
"2020-04-01 00:00:00+00","2020-04-01 00:00:00+00",499373
"2020-04-01 00:00:00+00","2020-04-01 00:00:00+00",812964
"2020-04-01 00:00:00+00","2020-04-01 00:00:00+00",418286
"2020-04-01 00:00:00+00","2020-04-01 00:00:00+00",882774
"2020-04-01 00:00:00+00","2020-04-01 00:00:00+00",823463
"2020-04-01 00:00:00+00","2020-04-01 00:00:00+00",190250
"2020-04-01 00:00:00+00","2020-04-01 00:00:00+00",722932
"2020-04-01 00:00:00+00","2020-04-01 00:00:00+00",913039
"2020-04-01 00:00:00+00","2020-04-01 00:00:00+00",894487
"2020-04-01 00:00:00+00","2020-04-01 00:00:00+00",805334
"2020-04-01 00:00:00+00","2020-04-01 00:00:00+00",168378
"2020-04-01 00:00:00+00","2020-04-01 00:00:00+00",948073
"2020-04-01 00:00:00+00","2020-04-01 00:00:00+00",922167
"2020-04-01 00:00:00+00","2020-04-01 00:00:00+00",416797
"2020-04-01 00:00:00+00","2020-04-01 00:00:00+00",951032
"2020-04-01 00:00:00+00","2020-04-01 00:00:00+00",914171
"2020-04-01 00:00:00+00","2020-04-01 00:00:00+00",728582
"2020-04-01 00:00:00+00","2020-04-01 00:00:00+00",744804
"2020-04-01 00:00:00+00","2020-04-01 00:00:00+00",104747
"2020-04-01 00:00:00+00","2020-04-01 00:00:00+00",883329
"2020-04-01 00:00:00+00","2020-04-01 00:00:00+00",555366
"2020-04-01 00:00:00+00","2020-04-01 00:00:00+00",721008
"2020-04-01 00:00:00+00","2020-04-01 00:00:00+00",902582
"2020-04-01 00:00:00+00","2020-04-01 00:00:00+00",916184
"2020-04-01 00:00:00+00","2020-04-01 00:00:00+00",958569
"2020-04-01 00:00:00+00","2020-04-01 00:00:00+00",185766
"2020-04-01 00:00:00+00","2020-04-01 00:00:00+00",256624
"2020-04-01 00:00:00+00","2020-04-01 00:00:00+00",638876
"2020-04-01 00:00:00+00","2020-04-01 00:00:00+00",191468
"2020-04-01 00:00:00+00","2020-04-01 00:00:00+00",866099
"2020-04-01 00:00:00+00","2020-04-01 00:00:00+00",257651
"2020-04-01 00:00:00+00","2020-04-01 00:00:00+00",560094
"2020-04-01 00:00:00+00","2020-04-01 00:00:00+00",906951
"2020-04-01 00:00:00+00","2020-04-01 00:00:00+00",716789
"2020-04-01 00:00:00+00","2020-04-01 00:00:00+00",170337
"2020-04-01 00:00:00+00","2020-04-01 00:00:00+00",690243
"2020-04-01 00:00:00+00","2020-04-01 00:00:00+00",582868
"2020-04-01 00:00:00+00","2020-04-01 00:00:00+00",546748
"2020-04-01 00:00:00+00","2020-04-01 00:00:00+00",189079
"2020-04-01 00:00:00+00","2020-04-01 00:00:00+00",714099
"2020-04-01 00:00:00+00","2020-04-01 00:00:00+00",943789
"2020-04-01 00:00:00+00","2020-04-01 00:00:00+00",929892
"2020-04-01 00:00:00+00","2020-04-01 00:00:00+00",744492
"2020-04-01 00:00:00+00","2020-04-01 00:00:00+00",589081
"2020-04-01 00:00:00+00","2020-04-01 00:00:00+00",937444
"2020-04-01 00:00:00+00","2020-04-01 00:00:00+00",936111
"2020-04-01 00:00:00+00","2020-04-01 00:00:00+00",467005
"2020-04-01 00:00:00+00","2020-04-01 00:00:00+00",987554
"2020-04-01 00:00:00+00","2020-04-01 00:00:00+00",667122
"2020-04-01 00:00:00+00","2020-04-01 00:00:00+00",191875
"2020-04-01 00:00:00+00","2020-04-01 00:00:00+00",911499
"2020-04-01 00:00:00+00","2020-04-01 00:00:00+00",904876
"2020-04-01 00:00:00+00","2020-04-01 00:00:00+00",643729
"2020-04-01 00:00:00+00","2020-04-01 00:00:00+00",932771
"2020-04-01 00:00:00+00","2020-04-01 00:00:00+00",392750
"2020-04-01 00:00:00+00","2020-04-01 00:00:00+00",963062
"2020-04-01 00:00:00+00","2020-04-01 00:00:00+00",716916
"2020-04-01 00:00:00+00","2020-04-01 00:00:00+00",175124
"2020-04-01 00:00:00+00","2020-04-01 00:00:00+00",910337
"2020-04-01 00:00:00+00","2020-04-01 00:00:00+00",125035
"2020-04-01 00:00:00+00","2020-04-01 00:00:00+00",991672
"2020-04-01 00:00:00+00","2020-04-01 00:00:00+00",194615
"2020-04-01 00:00:00+00","2020-04-01 00:00:00+00",180902
"2020-04-01 00:00:00+00","2020-04-01 00:00:00+00",971939
"2020-04-01 00:00:00+00","2020-04-01 00:00:00+00",824790
"2020-04-01 00:00:00+00","2020-04-01 00:00:00+00",748464
"2020-04-01 00:00:00+00","2020-04-01 00:00:00+00",439763
"2020-04-01 00:00:00+00","2020-04-01 00:00:00+00",931436
"2020-04-01 00:00:00+00","2020-04-01 00:00:00+00",613701
"2020-04-01 00:00:00+00","2020-04-01 00:00:00+00",907637
"2020-04-01 00:00:00+00","2020-04-01 00:00:00+00",478360
"2020-04-01 00:00:00+00","2020-04-01 00:00:00+00",939735
"2020-04-01 00:00:00+00","2020-04-01 00:00:00+00",950934
"2020-04-01 00:00:00+00","2020-04-01 00:00:00+00",934281
"2020-04-01 00:00:00+00","2020-04-01 00:00:00+00",354789
"2020-04-01 00:00:00+00","2020-04-01 00:00:00+00",925122
"2020-04-01 00:00:00+00","2020-04-01 00:00:00+00",923198
"2020-04-01 00:00:00+00","2020-04-01 00:00:00+00",173085
"2020-04-01 00:00:00+00","2020-04-01 00:00:00+00",956466
"2020-04-01 00:00:00+00","2020-04-01 00:00:00+00",934961
"2020-04-01 00:00:00+00","2020-04-01 00:00:00+00",693183
"2020-04-01 00:00:00+00","2020-04-01 00:00:00+00",331797
"2020-04-01 00:00:00+00","2020-04-01 00:00:00+00",875865
"2020-04-01 00:00:00+00","2020-04-01 00:00:00+00",697632
"2020-04-01 00:00:00+00","2020-04-01 00:00:00+00",424140
"2020-04-01 00:00:00+00","2020-04-01 00:00:00+00",962081
"2020-04-01 00:00:00+00","2020-04-01 00:00:00+00",917244
"2020-04-01 00:00:00+00","2020-04-01 00:00:00+00",840682
"2020-04-01 00:00:00+00","2020-04-01 00:00:00+00",97086
"2020-04-01 00:00:00+00","2020-04-01 00:00:00+00",969417
"2020-04-01 00:00:00+00","2020-04-01 00:00:00+00",231995
"2020-04-01 00:00:00+00","2020-04-01 00:00:00+00",195599
"2020-04-01 00:00:00+00","2020-04-01 00:00:00+00",209698
"2020-04-01 00:00:00+00","2020-04-01 00:00:00+00",590590
"2020-04-01 00:00:00+00","2020-04-01 00:00:00+00",940549
"2020-04-01 00:00:00+00","2020-04-01 00:00:00+00",920847
"2020-04-01 00:00:00+00","2020-04-01 00:00:00+00",895056
"2020-04-01 00:00:00+00","2020-04-01 00:00:00+00",326328
"2020-04-01 00:00:00+00","2020-04-01 00:00:00+00",249981
"2020-04-01 00:00:00+00","2020-04-01 00:00:00+00",937050
"2020-04-01 00:00:00+00","2020-04-01 00:00:00+00",911162
"2020-04-01 00:00:00+00","2020-04-01 00:00:00+00",716219
"2020-04-01 00:00:00+00","2020-04-01 00:00:00+00",314440
"2020-04-01 00:00:00+00","2020-04-01 00:00:00+00",790484
"2020-04-01 00:00:00+00","2020-04-01 00:00:00+00",196909
"2020-04-01 00:00:00+00","2020-04-01 00:00:00+00",899870
"2020-04-01 00:00:00+00","2020-04-01 00:00:00+00",319274
"2020-04-01 00:00:00+00","2020-04-01 00:00:00+00",153779
"2020-04-01 00:00:00+00","2020-04-01 00:00:00+00",928435
"2020-04-01 00:00:00+00","2020-04-01 00:00:00+00",639161
"2020-04-01 00:00:00+00","2020-04-01 00:00:00+00",906394
"2020-04-01 00:00:00+00","2020-04-01 00:00:00+00",602234
"2020-04-01 00:00:00+00","2020-04-01 00:00:00+00",734443
"2020-04-01 00:00:00+00","2020-04-01 00:00:00+00",228188
"2020-04-01 00:00:00+00","2020-04-01 00:00:00+00",918688
"2020-04-01 00:00:00+00","2020-04-01 00:00:00+00",156027
"2020-04-01 00:00:00+00","2020-04-01 00:00:00+00",171192
"2020-04-01 00:00:00+00","2020-05-01 00:00:00+00",255812
"2020-04-01 00:00:00+00","2020-05-01 00:00:00+00",719414
"2020-04-01 00:00:00+00","2020-05-01 00:00:00+00",189233
"2020-04-01 00:00:00+00","2020-05-01 00:00:00+00",899520
"2020-04-01 00:00:00+00","2020-05-01 00:00:00+00",97086
"2020-04-01 00:00:00+00","2020-05-01 00:00:00+00",932771
"2020-04-01 00:00:00+00","2020-05-01 00:00:00+00",902446
"2020-04-01 00:00:00+00","2020-05-01 00:00:00+00",501321
"2020-04-01 00:00:00+00","2020-05-01 00:00:00+00",735002
"2020-04-01 00:00:00+00","2020-05-01 00:00:00+00",750484
"2020-04-01 00:00:00+00","2020-05-01 00:00:00+00",788528
"2020-04-01 00:00:00+00","2020-05-01 00:00:00+00",885491
"2020-04-01 00:00:00+00","2020-05-01 00:00:00+00",231995
"2020-04-01 00:00:00+00","2020-05-01 00:00:00+00",916666
"2020-04-01 00:00:00+00","2020-05-01 00:00:00+00",424416
"2020-04-01 00:00:00+00","2020-05-01 00:00:00+00",299898
"2020-04-01 00:00:00+00","2020-05-01 00:00:00+00",898383
"2020-04-01 00:00:00+00","2020-05-01 00:00:00+00",590590
"2020-04-01 00:00:00+00","2020-05-01 00:00:00+00",905420
"2020-04-01 00:00:00+00","2020-05-01 00:00:00+00",482717
"2020-04-01 00:00:00+00","2020-05-01 00:00:00+00",823463
"2020-04-01 00:00:00+00","2020-05-01 00:00:00+00",720873
"2020-04-01 00:00:00+00","2020-05-01 00:00:00+00",703545
"2020-04-01 00:00:00+00","2020-05-01 00:00:00+00",800989
"2020-04-01 00:00:00+00","2020-05-01 00:00:00+00",974742
"2020-04-01 00:00:00+00","2020-05-01 00:00:00+00",638876
"2020-04-01 00:00:00+00","2020-05-01 00:00:00+00",165873
"2020-04-01 00:00:00+00","2020-05-01 00:00:00+00",418286
"2020-04-01 00:00:00+00","2020-05-01 00:00:00+00",723001
"2020-04-01 00:00:00+00","2020-05-01 00:00:00+00",913644
"2020-04-01 00:00:00+00","2020-05-01 00:00:00+00",836098
"2020-04-01 00:00:00+00","2020-05-01 00:00:00+00",931436
"2020-04-01 00:00:00+00","2020-05-01 00:00:00+00",968724
"2020-04-01 00:00:00+00","2020-05-01 00:00:00+00",847231
"2020-04-01 00:00:00+00","2020-05-01 00:00:00+00",194038
"2020-04-01 00:00:00+00","2020-05-01 00:00:00+00",602234
"2020-04-01 00:00:00+00","2020-05-01 00:00:00+00",948229
"2020-04-01 00:00:00+00","2020-05-01 00:00:00+00",786151
"2020-04-01 00:00:00+00","2020-05-01 00:00:00+00",618465
"2020-04-01 00:00:00+00","2020-05-01 00:00:00+00",581735
"2020-04-01 00:00:00+00","2020-05-01 00:00:00+00",143365
"2020-04-01 00:00:00+00","2020-05-01 00:00:00+00",52965
"2020-04-01 00:00:00+00","2020-05-01 00:00:00+00",721592
"2020-04-01 00:00:00+00","2020-05-01 00:00:00+00",319274
"2020-04-01 00:00:00+00","2020-05-01 00:00:00+00",761133
"2020-04-01 00:00:00+00","2020-05-01 00:00:00+00",115069
"2020-04-01 00:00:00+00","2020-05-01 00:00:00+00",604345
"2020-04-01 00:00:00+00","2020-05-01 00:00:00+00",209698
"2020-04-01 00:00:00+00","2020-05-01 00:00:00+00",359244
"2020-04-01 00:00:00+00","2020-06-01 00:00:00+00",715719
"2020-04-01 00:00:00+00","2020-06-01 00:00:00+00",758463
"2020-04-01 00:00:00+00","2020-06-01 00:00:00+00",416797
"2020-04-01 00:00:00+00","2020-06-01 00:00:00+00",216375
"2020-04-01 00:00:00+00","2020-06-01 00:00:00+00",587081
"2020-04-01 00:00:00+00","2020-06-01 00:00:00+00",189233
"2020-04-01 00:00:00+00","2020-06-01 00:00:00+00",255812
"2020-04-01 00:00:00+00","2020-06-01 00:00:00+00",581735
"2020-04-01 00:00:00+00","2020-06-01 00:00:00+00",845060
"2020-04-01 00:00:00+00","2020-06-01 00:00:00+00",253586
"2020-04-01 00:00:00+00","2020-06-01 00:00:00+00",898383
"2020-04-01 00:00:00+00","2020-06-01 00:00:00+00",491576
"2020-04-01 00:00:00+00","2020-06-01 00:00:00+00",929528
"2020-04-01 00:00:00+00","2020-06-01 00:00:00+00",761133
"2020-04-01 00:00:00+00","2020-06-01 00:00:00+00",715687
"2020-04-01 00:00:00+00","2020-06-01 00:00:00+00",721673
"2020-04-01 00:00:00+00","2020-06-01 00:00:00+00",189343
"2020-04-01 00:00:00+00","2020-06-01 00:00:00+00",590590
"2020-04-01 00:00:00+00","2020-06-01 00:00:00+00",720253
"2020-04-01 00:00:00+00","2020-06-01 00:00:00+00",630968
"2020-04-01 00:00:00+00","2020-06-01 00:00:00+00",759593
"2020-04-01 00:00:00+00","2020-06-01 00:00:00+00",170337
"2020-04-01 00:00:00+00","2020-06-01 00:00:00+00",482717
"2020-04-01 00:00:00+00","2020-06-01 00:00:00+00",950934
"2020-04-01 00:00:00+00","2020-06-01 00:00:00+00",167796
"2020-04-01 00:00:00+00","2020-06-01 00:00:00+00",359244
"2020-04-01 00:00:00+00","2020-06-01 00:00:00+00",424349
"2020-04-01 00:00:00+00","2020-06-01 00:00:00+00",726735
"2020-04-01 00:00:00+00","2020-06-01 00:00:00+00",699353
"2020-04-01 00:00:00+00","2020-06-01 00:00:00+00",185033
"2020-04-01 00:00:00+00","2020-06-01 00:00:00+00",689368
"2020-04-01 00:00:00+00","2020-06-01 00:00:00+00",602234
"2020-04-01 00:00:00+00","2020-06-01 00:00:00+00",173494
"2020-04-01 00:00:00+00","2020-06-01 00:00:00+00",209698
"2020-04-01 00:00:00+00","2020-06-01 00:00:00+00",618465
"2020-04-01 00:00:00+00","2020-06-01 00:00:00+00",910337
"2020-04-01 00:00:00+00","2020-06-01 00:00:00+00",932226
"2020-04-01 00:00:00+00","2020-06-01 00:00:00+00",693183
"2020-04-01 00:00:00+00","2020-06-01 00:00:00+00",974742
"2020-04-01 00:00:00+00","2020-06-01 00:00:00+00",721592
"2020-04-01 00:00:00+00","2020-06-01 00:00:00+00",196909
"2020-04-01 00:00:00+00","2020-06-01 00:00:00+00",339505
"2020-04-01 00:00:00+00","2020-06-01 00:00:00+00",836098
"2020-04-01 00:00:00+00","2020-06-01 00:00:00+00",722932
"2020-04-01 00:00:00+00","2020-06-01 00:00:00+00",737747
"2020-04-01 00:00:00+00","2020-06-01 00:00:00+00",299898
"2020-04-01 00:00:00+00","2020-06-01 00:00:00+00",733459
"2020-04-01 00:00:00+00","2020-06-01 00:00:00+00",175124
"2020-04-01 00:00:00+00","2020-06-01 00:00:00+00",899520
"2020-04-01 00:00:00+00","2020-06-01 00:00:00+00",690243
"2020-04-01 00:00:00+00","2020-06-01 00:00:00+00",716789
"2020-04-01 00:00:00+00","2020-06-01 00:00:00+00",788528
"2020-04-01 00:00:00+00","2020-06-01 00:00:00+00",751072
"2020-04-01 00:00:00+00","2020-06-01 00:00:00+00",719414
"2020-04-01 00:00:00+00","2020-06-01 00:00:00+00",164276
"2020-04-01 00:00:00+00","2020-06-01 00:00:00+00",932848
"2020-04-01 00:00:00+00","2020-06-01 00:00:00+00",894487
"2020-04-01 00:00:00+00","2020-06-01 00:00:00+00",204922
"2020-04-01 00:00:00+00","2020-06-01 00:00:00+00",638876
"2020-04-01 00:00:00+00","2020-06-01 00:00:00+00",800989
"2020-04-01 00:00:00+00","2020-06-01 00:00:00+00",971862
"2020-04-01 00:00:00+00","2020-06-01 00:00:00+00",917051
"2020-04-01 00:00:00+00","2020-06-01 00:00:00+00",423335
"2020-04-01 00:00:00+00","2020-06-01 00:00:00+00",697632
"2020-04-01 00:00:00+00","2020-06-01 00:00:00+00",720873
"2020-04-01 00:00:00+00","2020-06-01 00:00:00+00",735002
"2020-04-01 00:00:00+00","2020-06-01 00:00:00+00",917244
"2020-04-01 00:00:00+00","2020-06-01 00:00:00+00",187115
"2020-04-01 00:00:00+00","2020-06-01 00:00:00+00",768641
"2020-04-01 00:00:00+00","2020-06-01 00:00:00+00",951032
"2020-04-01 00:00:00+00","2020-06-01 00:00:00+00",748363
"2020-04-01 00:00:00+00","2020-06-01 00:00:00+00",178837
"2020-04-01 00:00:00+00","2020-06-01 00:00:00+00",213988
"2020-05-01 00:00:00+00","2020-05-01 00:00:00+00",1214951
"2020-05-01 00:00:00+00","2020-05-01 00:00:00+00",1250408
"2020-05-01 00:00:00+00","2020-05-01 00:00:00+00",1159615
"2020-05-01 00:00:00+00","2020-05-01 00:00:00+00",1171283
"2020-05-01 00:00:00+00","2020-05-01 00:00:00+00",1104211
"2020-05-01 00:00:00+00","2020-05-01 00:00:00+00",1213812
"2020-05-01 00:00:00+00","2020-05-01 00:00:00+00",1004366
"2020-05-01 00:00:00+00","2020-05-01 00:00:00+00",692194
"2020-05-01 00:00:00+00","2020-05-01 00:00:00+00",1183519
"2020-05-01 00:00:00+00","2020-05-01 00:00:00+00",1146445
"2020-05-01 00:00:00+00","2020-05-01 00:00:00+00",952198
"2020-05-01 00:00:00+00","2020-05-01 00:00:00+00",796700
"2020-05-01 00:00:00+00","2020-05-01 00:00:00+00",819838
"2020-05-01 00:00:00+00","2020-05-01 00:00:00+00",1060711
"2020-05-01 00:00:00+00","2020-05-01 00:00:00+00",1138841
"2020-05-01 00:00:00+00","2020-05-01 00:00:00+00",1257880
"2020-05-01 00:00:00+00","2020-05-01 00:00:00+00",1219137
"2020-05-01 00:00:00+00","2020-05-01 00:00:00+00",1268351
"2020-05-01 00:00:00+00","2020-05-01 00:00:00+00",196228
"2020-05-01 00:00:00+00","2020-05-01 00:00:00+00",190180
"2020-05-01 00:00:00+00","2020-05-01 00:00:00+00",1307262
"2020-05-01 00:00:00+00","2020-05-01 00:00:00+00",1088231
"2020-05-01 00:00:00+00","2020-05-01 00:00:00+00",709273
"2020-05-01 00:00:00+00","2020-05-01 00:00:00+00",167937
"2020-05-01 00:00:00+00","2020-05-01 00:00:00+00",415188
"2020-05-01 00:00:00+00","2020-05-01 00:00:00+00",1182833
"2020-05-01 00:00:00+00","2020-05-01 00:00:00+00",1022494
"2020-05-01 00:00:00+00","2020-05-01 00:00:00+00",1261028
"2020-05-01 00:00:00+00","2020-05-01 00:00:00+00",1177206
"2020-05-01 00:00:00+00","2020-05-01 00:00:00+00",1166019
"2020-05-01 00:00:00+00","2020-05-01 00:00:00+00",152948
"2020-05-01 00:00:00+00","2020-05-01 00:00:00+00",1252676
"2020-05-01 00:00:00+00","2020-05-01 00:00:00+00",1128920
"2020-05-01 00:00:00+00","2020-05-01 00:00:00+00",732560
"2020-05-01 00:00:00+00","2020-05-01 00:00:00+00",776505
"2020-05-01 00:00:00+00","2020-05-01 00:00:00+00",1104879
"2020-05-01 00:00:00+00","2020-05-01 00:00:00+00",188188
"2020-05-01 00:00:00+00","2020-05-01 00:00:00+00",1256874
"2020-05-01 00:00:00+00","2020-05-01 00:00:00+00",257244
"2020-05-01 00:00:00+00","2020-05-01 00:00:00+00",1187563
"2020-05-01 00:00:00+00","2020-05-01 00:00:00+00",1180508
"2020-05-01 00:00:00+00","2020-05-01 00:00:00+00",1122650
"2020-05-01 00:00:00+00","2020-05-01 00:00:00+00",1095084
"2020-05-01 00:00:00+00","2020-05-01 00:00:00+00",270774
"2020-05-01 00:00:00+00","2020-05-01 00:00:00+00",230936
"2020-05-01 00:00:00+00","2020-05-01 00:00:00+00",1040650
"2020-05-01 00:00:00+00","2020-05-01 00:00:00+00",1230618
"2020-05-01 00:00:00+00","2020-05-01 00:00:00+00",161330
"2020-05-01 00:00:00+00","2020-05-01 00:00:00+00",910362
"2020-05-01 00:00:00+00","2020-05-01 00:00:00+00",423527
"2020-05-01 00:00:00+00","2020-05-01 00:00:00+00",502896
"2020-05-01 00:00:00+00","2020-05-01 00:00:00+00",186838
"2020-05-01 00:00:00+00","2020-05-01 00:00:00+00",603260
"2020-05-01 00:00:00+00","2020-05-01 00:00:00+00",611705
"2020-05-01 00:00:00+00","2020-05-01 00:00:00+00",182904
"2020-05-01 00:00:00+00","2020-05-01 00:00:00+00",1110856
"2020-05-01 00:00:00+00","2020-05-01 00:00:00+00",725673
"2020-05-01 00:00:00+00","2020-05-01 00:00:00+00",1142574
"2020-05-01 00:00:00+00","2020-05-01 00:00:00+00",1077870
"2020-05-01 00:00:00+00","2020-05-01 00:00:00+00",1091205
"2020-05-01 00:00:00+00","2020-05-01 00:00:00+00",1131055
"2020-05-01 00:00:00+00","2020-05-01 00:00:00+00",116733
"2020-05-01 00:00:00+00","2020-05-01 00:00:00+00",777671
"2020-05-01 00:00:00+00","2020-05-01 00:00:00+00",727668
"2020-05-01 00:00:00+00","2020-05-01 00:00:00+00",1194747
"2020-05-01 00:00:00+00","2020-05-01 00:00:00+00",1184609
"2020-05-01 00:00:00+00","2020-05-01 00:00:00+00",1112163
"2020-05-01 00:00:00+00","2020-05-01 00:00:00+00",1116425
"2020-05-01 00:00:00+00","2020-05-01 00:00:00+00",1142647
"2020-05-01 00:00:00+00","2020-05-01 00:00:00+00",1139733
"2020-05-01 00:00:00+00","2020-05-01 00:00:00+00",1182793
"2020-05-01 00:00:00+00","2020-05-01 00:00:00+00",173436
"2020-05-01 00:00:00+00","2020-05-01 00:00:00+00",753109
"2020-05-01 00:00:00+00","2020-05-01 00:00:00+00",1188383
"2020-05-01 00:00:00+00","2020-05-01 00:00:00+00",1173583
"2020-05-01 00:00:00+00","2020-05-01 00:00:00+00",1178877
"2020-05-01 00:00:00+00","2020-05-01 00:00:00+00",1179323
"2020-05-01 00:00:00+00","2020-05-01 00:00:00+00",1106420
"2020-05-01 00:00:00+00","2020-05-01 00:00:00+00",835708
"2020-05-01 00:00:00+00","2020-05-01 00:00:00+00",1128244
"2020-05-01 00:00:00+00","2020-05-01 00:00:00+00",1299378
"2020-05-01 00:00:00+00","2020-05-01 00:00:00+00",1220128
"2020-05-01 00:00:00+00","2020-05-01 00:00:00+00",1218184
"2020-05-01 00:00:00+00","2020-05-01 00:00:00+00",154033
"2020-05-01 00:00:00+00","2020-05-01 00:00:00+00",1028678
"2020-05-01 00:00:00+00","2020-05-01 00:00:00+00",1255230
"2020-05-01 00:00:00+00","2020-05-01 00:00:00+00",1128333
"2020-05-01 00:00:00+00","2020-05-01 00:00:00+00",1191352
"2020-05-01 00:00:00+00","2020-05-01 00:00:00+00",1097790
"2020-05-01 00:00:00+00","2020-05-01 00:00:00+00",1272419
"2020-05-01 00:00:00+00","2020-05-01 00:00:00+00",1108496
"2020-05-01 00:00:00+00","2020-05-01 00:00:00+00",1311493
"2020-05-01 00:00:00+00","2020-05-01 00:00:00+00",505902
"2020-05-01 00:00:00+00","2020-05-01 00:00:00+00",1039740
"2020-05-01 00:00:00+00","2020-05-01 00:00:00+00",359620
"2020-05-01 00:00:00+00","2020-05-01 00:00:00+00",1084527
"2020-05-01 00:00:00+00","2020-05-01 00:00:00+00",89248
"2020-05-01 00:00:00+00","2020-05-01 00:00:00+00",1135282
"2020-05-01 00:00:00+00","2020-05-01 00:00:00+00",1013476
"2020-05-01 00:00:00+00","2020-05-01 00:00:00+00",157536
"2020-05-01 00:00:00+00","2020-05-01 00:00:00+00",1111193
"2020-05-01 00:00:00+00","2020-05-01 00:00:00+00",1024279
"2020-05-01 00:00:00+00","2020-05-01 00:00:00+00",1095154
"2020-05-01 00:00:00+00","2020-05-01 00:00:00+00",1092670
"2020-05-01 00:00:00+00","2020-05-01 00:00:00+00",1141577
"2020-05-01 00:00:00+00","2020-05-01 00:00:00+00",1106992
"2020-05-01 00:00:00+00","2020-05-01 00:00:00+00",1014588
"2020-05-01 00:00:00+00","2020-05-01 00:00:00+00",194814
"2020-05-01 00:00:00+00","2020-05-01 00:00:00+00",1221488
"2020-05-01 00:00:00+00","2020-05-01 00:00:00+00",1264638
"2020-05-01 00:00:00+00","2020-05-01 00:00:00+00",1109028
"2020-05-01 00:00:00+00","2020-05-01 00:00:00+00",1132008
"2020-05-01 00:00:00+00","2020-05-01 00:00:00+00",1249752
"2020-05-01 00:00:00+00","2020-05-01 00:00:00+00",1026490
"2020-05-01 00:00:00+00","2020-05-01 00:00:00+00",665377
"2020-05-01 00:00:00+00","2020-05-01 00:00:00+00",1187156
"2020-05-01 00:00:00+00","2020-05-01 00:00:00+00",850157
"2020-05-01 00:00:00+00","2020-05-01 00:00:00+00",1106458
"2020-05-01 00:00:00+00","2020-05-01 00:00:00+00",1179366
"2020-05-01 00:00:00+00","2020-05-01 00:00:00+00",722749
"2020-05-01 00:00:00+00","2020-05-01 00:00:00+00",194165
"2020-05-01 00:00:00+00","2020-05-01 00:00:00+00",616020
"2020-05-01 00:00:00+00","2020-05-01 00:00:00+00",1243397
"2020-05-01 00:00:00+00","2020-05-01 00:00:00+00",1146801
"2020-05-01 00:00:00+00","2020-05-01 00:00:00+00",695919
"2020-05-01 00:00:00+00","2020-05-01 00:00:00+00",1015214
"2020-05-01 00:00:00+00","2020-05-01 00:00:00+00",742042
"2020-05-01 00:00:00+00","2020-05-01 00:00:00+00",690389
"2020-05-01 00:00:00+00","2020-05-01 00:00:00+00",1129298
"2020-05-01 00:00:00+00","2020-05-01 00:00:00+00",281703
"2020-05-01 00:00:00+00","2020-05-01 00:00:00+00",1094342
"2020-05-01 00:00:00+00","2020-05-01 00:00:00+00",738685
"2020-05-01 00:00:00+00","2020-05-01 00:00:00+00",586141
"2020-05-01 00:00:00+00","2020-05-01 00:00:00+00",1162793
"2020-05-01 00:00:00+00","2020-05-01 00:00:00+00",1235905
"2020-05-01 00:00:00+00","2020-05-01 00:00:00+00",1250741
"2020-05-01 00:00:00+00","2020-05-01 00:00:00+00",328717
"2020-05-01 00:00:00+00","2020-05-01 00:00:00+00",1267697
"2020-05-01 00:00:00+00","2020-05-01 00:00:00+00",167976
"2020-05-01 00:00:00+00","2020-05-01 00:00:00+00",179047
"2020-05-01 00:00:00+00","2020-05-01 00:00:00+00",1093610
"2020-05-01 00:00:00+00","2020-05-01 00:00:00+00",1130164
"2020-05-01 00:00:00+00","2020-05-01 00:00:00+00",1244487
"2020-05-01 00:00:00+00","2020-05-01 00:00:00+00",1224935
"2020-05-01 00:00:00+00","2020-05-01 00:00:00+00",1091532
"2020-05-01 00:00:00+00","2020-05-01 00:00:00+00",1138832
"2020-05-01 00:00:00+00","2020-05-01 00:00:00+00",790009
"2020-05-01 00:00:00+00","2020-05-01 00:00:00+00",1262013
"2020-05-01 00:00:00+00","2020-05-01 00:00:00+00",1188835
"2020-05-01 00:00:00+00","2020-05-01 00:00:00+00",1141970
"2020-05-01 00:00:00+00","2020-05-01 00:00:00+00",164275
"2020-05-01 00:00:00+00","2020-05-01 00:00:00+00",699967
"2020-05-01 00:00:00+00","2020-05-01 00:00:00+00",1188218
"2020-05-01 00:00:00+00","2020-05-01 00:00:00+00",1061135
"2020-05-01 00:00:00+00","2020-05-01 00:00:00+00",200005
"2020-05-01 00:00:00+00","2020-05-01 00:00:00+00",718383
"2020-05-01 00:00:00+00","2020-05-01 00:00:00+00",268882
"2020-05-01 00:00:00+00","2020-05-01 00:00:00+00",1163155
"2020-05-01 00:00:00+00","2020-05-01 00:00:00+00",704897
"2020-05-01 00:00:00+00","2020-05-01 00:00:00+00",1289564
"2020-05-01 00:00:00+00","2020-05-01 00:00:00+00",638467
"2020-05-01 00:00:00+00","2020-05-01 00:00:00+00",190554
"2020-05-01 00:00:00+00","2020-05-01 00:00:00+00",1168282
"2020-05-01 00:00:00+00","2020-05-01 00:00:00+00",1138497
"2020-05-01 00:00:00+00","2020-05-01 00:00:00+00",1104569
"2020-05-01 00:00:00+00","2020-05-01 00:00:00+00",537146
"2020-05-01 00:00:00+00","2020-05-01 00:00:00+00",990753
"2020-05-01 00:00:00+00","2020-05-01 00:00:00+00",1127882
"2020-05-01 00:00:00+00","2020-05-01 00:00:00+00",979815
"2020-05-01 00:00:00+00","2020-05-01 00:00:00+00",730918
"2020-05-01 00:00:00+00","2020-05-01 00:00:00+00",320717
"2020-05-01 00:00:00+00","2020-05-01 00:00:00+00",1106838
"2020-05-01 00:00:00+00","2020-05-01 00:00:00+00",1262222
"2020-05-01 00:00:00+00","2020-05-01 00:00:00+00",1258126
"2020-05-01 00:00:00+00","2020-05-01 00:00:00+00",1108358
"2020-05-01 00:00:00+00","2020-05-01 00:00:00+00",215651
"2020-05-01 00:00:00+00","2020-05-01 00:00:00+00",576802
"2020-05-01 00:00:00+00","2020-05-01 00:00:00+00",424532
"2020-05-01 00:00:00+00","2020-05-01 00:00:00+00",256009
"2020-05-01 00:00:00+00","2020-05-01 00:00:00+00",997970
"2020-05-01 00:00:00+00","2020-05-01 00:00:00+00",1125149
"2020-05-01 00:00:00+00","2020-05-01 00:00:00+00",790939
"2020-05-01 00:00:00+00","2020-05-01 00:00:00+00",1058687
"2020-05-01 00:00:00+00","2020-05-01 00:00:00+00",192433
"2020-05-01 00:00:00+00","2020-05-01 00:00:00+00",216064
"2020-05-01 00:00:00+00","2020-05-01 00:00:00+00",1275212
"2020-05-01 00:00:00+00","2020-05-01 00:00:00+00",583200
"2020-05-01 00:00:00+00","2020-05-01 00:00:00+00",924171
"2020-05-01 00:00:00+00","2020-05-01 00:00:00+00",1198978
"2020-05-01 00:00:00+00","2020-05-01 00:00:00+00",740445
"2020-05-01 00:00:00+00","2020-05-01 00:00:00+00",852196
"2020-05-01 00:00:00+00","2020-05-01 00:00:00+00",1137216
"2020-05-01 00:00:00+00","2020-05-01 00:00:00+00",940853
"2020-05-01 00:00:00+00","2020-05-01 00:00:00+00",724666
"2020-05-01 00:00:00+00","2020-05-01 00:00:00+00",1135656
"2020-05-01 00:00:00+00","2020-05-01 00:00:00+00",1080532
"2020-05-01 00:00:00+00","2020-05-01 00:00:00+00",201422
"2020-05-01 00:00:00+00","2020-05-01 00:00:00+00",1142069
"2020-05-01 00:00:00+00","2020-05-01 00:00:00+00",1256113
"2020-05-01 00:00:00+00","2020-05-01 00:00:00+00",734157
"2020-05-01 00:00:00+00","2020-05-01 00:00:00+00",1183592
"2020-05-01 00:00:00+00","2020-05-01 00:00:00+00",1136470
"2020-05-01 00:00:00+00","2020-05-01 00:00:00+00",1183534
"2020-05-01 00:00:00+00","2020-05-01 00:00:00+00",1141835
"2020-05-01 00:00:00+00","2020-05-01 00:00:00+00",1171545
"2020-05-01 00:00:00+00","2020-05-01 00:00:00+00",1090633
"2020-05-01 00:00:00+00","2020-05-01 00:00:00+00",14520
"2020-05-01 00:00:00+00","2020-05-01 00:00:00+00",1207756
"2020-05-01 00:00:00+00","2020-05-01 00:00:00+00",760218
"2020-05-01 00:00:00+00","2020-05-01 00:00:00+00",1196327
"2020-05-01 00:00:00+00","2020-05-01 00:00:00+00",1055425
"2020-05-01 00:00:00+00","2020-05-01 00:00:00+00",1102859
"2020-05-01 00:00:00+00","2020-05-01 00:00:00+00",1063306
"2020-05-01 00:00:00+00","2020-05-01 00:00:00+00",1130803
"2020-05-01 00:00:00+00","2020-05-01 00:00:00+00",1190076
"2020-05-01 00:00:00+00","2020-05-01 00:00:00+00",865444
"2020-05-01 00:00:00+00","2020-05-01 00:00:00+00",913467
"2020-05-01 00:00:00+00","2020-05-01 00:00:00+00",1130901
"2020-05-01 00:00:00+00","2020-05-01 00:00:00+00",405151
"2020-05-01 00:00:00+00","2020-05-01 00:00:00+00",910715
"2020-05-01 00:00:00+00","2020-05-01 00:00:00+00",739009
"2020-05-01 00:00:00+00","2020-05-01 00:00:00+00",1088058
"2020-05-01 00:00:00+00","2020-05-01 00:00:00+00",1005110
"2020-05-01 00:00:00+00","2020-05-01 00:00:00+00",104754
"2020-05-01 00:00:00+00","2020-05-01 00:00:00+00",741188
"2020-05-01 00:00:00+00","2020-05-01 00:00:00+00",1259099
"2020-05-01 00:00:00+00","2020-05-01 00:00:00+00",1170877
"2020-05-01 00:00:00+00","2020-05-01 00:00:00+00",1089622
"2020-05-01 00:00:00+00","2020-05-01 00:00:00+00",1262638
"2020-05-01 00:00:00+00","2020-05-01 00:00:00+00",1087919
"2020-05-01 00:00:00+00","2020-05-01 00:00:00+00",1043410
"2020-05-01 00:00:00+00","2020-05-01 00:00:00+00",1196878
"2020-05-01 00:00:00+00","2020-05-01 00:00:00+00",208543
"2020-05-01 00:00:00+00","2020-05-01 00:00:00+00",1280316
"2020-05-01 00:00:00+00","2020-05-01 00:00:00+00",1116051
"2020-05-01 00:00:00+00","2020-05-01 00:00:00+00",1137275
"2020-05-01 00:00:00+00","2020-05-01 00:00:00+00",629138
"2020-05-01 00:00:00+00","2020-05-01 00:00:00+00",973691
"2020-05-01 00:00:00+00","2020-05-01 00:00:00+00",1273523
"2020-05-01 00:00:00+00","2020-05-01 00:00:00+00",1260693
"2020-05-01 00:00:00+00","2020-05-01 00:00:00+00",1107176
"2020-05-01 00:00:00+00","2020-05-01 00:00:00+00",1124094
"2020-05-01 00:00:00+00","2020-05-01 00:00:00+00",384810
"2020-05-01 00:00:00+00","2020-05-01 00:00:00+00",275177
"2020-05-01 00:00:00+00","2020-05-01 00:00:00+00",968320
"2020-05-01 00:00:00+00","2020-05-01 00:00:00+00",1248665
"2020-05-01 00:00:00+00","2020-05-01 00:00:00+00",260609
"2020-05-01 00:00:00+00","2020-05-01 00:00:00+00",1140701
"2020-05-01 00:00:00+00","2020-05-01 00:00:00+00",1174046
"2020-05-01 00:00:00+00","2020-05-01 00:00:00+00",1190276
"2020-05-01 00:00:00+00","2020-05-01 00:00:00+00",1108379
"2020-05-01 00:00:00+00","2020-05-01 00:00:00+00",731299
"2020-05-01 00:00:00+00","2020-05-01 00:00:00+00",766224
"2020-05-01 00:00:00+00","2020-05-01 00:00:00+00",1180209
"2020-05-01 00:00:00+00","2020-05-01 00:00:00+00",21407
"2020-05-01 00:00:00+00","2020-05-01 00:00:00+00",694287
"2020-05-01 00:00:00+00","2020-05-01 00:00:00+00",1248684
"2020-05-01 00:00:00+00","2020-05-01 00:00:00+00",188690
"2020-05-01 00:00:00+00","2020-05-01 00:00:00+00",1119026
"2020-05-01 00:00:00+00","2020-05-01 00:00:00+00",625870
"2020-05-01 00:00:00+00","2020-05-01 00:00:00+00",1060066
"2020-05-01 00:00:00+00","2020-05-01 00:00:00+00",1141391
"2020-05-01 00:00:00+00","2020-05-01 00:00:00+00",727978
"2020-05-01 00:00:00+00","2020-05-01 00:00:00+00",1205640
"2020-05-01 00:00:00+00","2020-05-01 00:00:00+00",1112201
"2020-05-01 00:00:00+00","2020-05-01 00:00:00+00",165137
"2020-05-01 00:00:00+00","2020-05-01 00:00:00+00",983624
"2020-05-01 00:00:00+00","2020-05-01 00:00:00+00",190292
"2020-05-01 00:00:00+00","2020-05-01 00:00:00+00",186108
"2020-05-01 00:00:00+00","2020-05-01 00:00:00+00",544931
"2020-05-01 00:00:00+00","2020-05-01 00:00:00+00",707820
"2020-05-01 00:00:00+00","2020-05-01 00:00:00+00",427638
"2020-05-01 00:00:00+00","2020-05-01 00:00:00+00",962348
"2020-05-01 00:00:00+00","2020-05-01 00:00:00+00",727592
"2020-05-01 00:00:00+00","2020-05-01 00:00:00+00",482340
"2020-05-01 00:00:00+00","2020-05-01 00:00:00+00",728117
"2020-05-01 00:00:00+00","2020-05-01 00:00:00+00",1109417
"2020-05-01 00:00:00+00","2020-05-01 00:00:00+00",1130706
"2020-05-01 00:00:00+00","2020-05-01 00:00:00+00",907713
"2020-05-01 00:00:00+00","2020-05-01 00:00:00+00",212847
"2020-05-01 00:00:00+00","2020-05-01 00:00:00+00",1020177
"2020-05-01 00:00:00+00","2020-05-01 00:00:00+00",665427
"2020-05-01 00:00:00+00","2020-05-01 00:00:00+00",1259920
"2020-05-01 00:00:00+00","2020-05-01 00:00:00+00",1178063
"2020-05-01 00:00:00+00","2020-05-01 00:00:00+00",928199
"2020-05-01 00:00:00+00","2020-05-01 00:00:00+00",952427
"2020-05-01 00:00:00+00","2020-05-01 00:00:00+00",716840
"2020-05-01 00:00:00+00","2020-05-01 00:00:00+00",184371
"2020-05-01 00:00:00+00","2020-05-01 00:00:00+00",509839
"2020-05-01 00:00:00+00","2020-05-01 00:00:00+00",1110302
"2020-05-01 00:00:00+00","2020-05-01 00:00:00+00",730347
"2020-05-01 00:00:00+00","2020-05-01 00:00:00+00",1196692
"2020-05-01 00:00:00+00","2020-05-01 00:00:00+00",1247059
"2020-05-01 00:00:00+00","2020-05-01 00:00:00+00",651239
"2020-05-01 00:00:00+00","2020-05-01 00:00:00+00",267310
"2020-05-01 00:00:00+00","2020-05-01 00:00:00+00",718162
"2020-05-01 00:00:00+00","2020-05-01 00:00:00+00",768113
"2020-05-01 00:00:00+00","2020-05-01 00:00:00+00",676261
"2020-05-01 00:00:00+00","2020-05-01 00:00:00+00",1277633
"2020-05-01 00:00:00+00","2020-05-01 00:00:00+00",580556
"2020-05-01 00:00:00+00","2020-05-01 00:00:00+00",262672
"2020-05-01 00:00:00+00","2020-05-01 00:00:00+00",465246
"2020-05-01 00:00:00+00","2020-05-01 00:00:00+00",1124544
"2020-05-01 00:00:00+00","2020-05-01 00:00:00+00",698762
"2020-05-01 00:00:00+00","2020-05-01 00:00:00+00",957801
"2020-05-01 00:00:00+00","2020-05-01 00:00:00+00",1184682
"2020-05-01 00:00:00+00","2020-05-01 00:00:00+00",695438
"2020-05-01 00:00:00+00","2020-05-01 00:00:00+00",1104772
"2020-05-01 00:00:00+00","2020-05-01 00:00:00+00",399724
"2020-05-01 00:00:00+00","2020-05-01 00:00:00+00",374671
"2020-05-01 00:00:00+00","2020-05-01 00:00:00+00",193003
"2020-05-01 00:00:00+00","2020-05-01 00:00:00+00",1099160
"2020-05-01 00:00:00+00","2020-05-01 00:00:00+00",1102843
"2020-05-01 00:00:00+00","2020-05-01 00:00:00+00",1240263
"2020-05-01 00:00:00+00","2020-05-01 00:00:00+00",1112713
"2020-05-01 00:00:00+00","2020-05-01 00:00:00+00",107281
"2020-05-01 00:00:00+00","2020-05-01 00:00:00+00",1259773
"2020-05-01 00:00:00+00","2020-05-01 00:00:00+00",1077579
"2020-05-01 00:00:00+00","2020-05-01 00:00:00+00",186242
"2020-05-01 00:00:00+00","2020-05-01 00:00:00+00",705031
"2020-05-01 00:00:00+00","2020-05-01 00:00:00+00",1242557
"2020-05-01 00:00:00+00","2020-05-01 00:00:00+00",341456
"2020-05-01 00:00:00+00","2020-05-01 00:00:00+00",1130133
"2020-05-01 00:00:00+00","2020-05-01 00:00:00+00",1096402
"2020-05-01 00:00:00+00","2020-05-01 00:00:00+00",320549
"2020-05-01 00:00:00+00","2020-05-01 00:00:00+00",1099534
"2020-05-01 00:00:00+00","2020-05-01 00:00:00+00",740264
"2020-05-01 00:00:00+00","2020-05-01 00:00:00+00",1192464
"2020-05-01 00:00:00+00","2020-05-01 00:00:00+00",205448
"2020-05-01 00:00:00+00","2020-05-01 00:00:00+00",1199767
"2020-05-01 00:00:00+00","2020-05-01 00:00:00+00",1024000
"2020-05-01 00:00:00+00","2020-05-01 00:00:00+00",1119577
"2020-05-01 00:00:00+00","2020-05-01 00:00:00+00",1264692
"2020-05-01 00:00:00+00","2020-05-01 00:00:00+00",655781
"2020-05-01 00:00:00+00","2020-05-01 00:00:00+00",191673
"2020-05-01 00:00:00+00","2020-05-01 00:00:00+00",1193755
"2020-05-01 00:00:00+00","2020-05-01 00:00:00+00",1084745
"2020-05-01 00:00:00+00","2020-05-01 00:00:00+00",1141227
"2020-05-01 00:00:00+00","2020-05-01 00:00:00+00",208475
"2020-05-01 00:00:00+00","2020-05-01 00:00:00+00",453212
"2020-05-01 00:00:00+00","2020-05-01 00:00:00+00",740192
"2020-05-01 00:00:00+00","2020-05-01 00:00:00+00",723809
"2020-05-01 00:00:00+00","2020-05-01 00:00:00+00",177823
"2020-05-01 00:00:00+00","2020-05-01 00:00:00+00",234734
"2020-05-01 00:00:00+00","2020-05-01 00:00:00+00",996817
"2020-05-01 00:00:00+00","2020-05-01 00:00:00+00",1254754
"2020-05-01 00:00:00+00","2020-05-01 00:00:00+00",108247
"2020-05-01 00:00:00+00","2020-05-01 00:00:00+00",399798
"2020-05-01 00:00:00+00","2020-05-01 00:00:00+00",1043058
"2020-05-01 00:00:00+00","2020-05-01 00:00:00+00",713085
"2020-05-01 00:00:00+00","2020-05-01 00:00:00+00",1194360
"2020-05-01 00:00:00+00","2020-05-01 00:00:00+00",1217102
"2020-05-01 00:00:00+00","2020-05-01 00:00:00+00",1119463
"2020-05-01 00:00:00+00","2020-05-01 00:00:00+00",558123
"2020-05-01 00:00:00+00","2020-05-01 00:00:00+00",1133948
"2020-05-01 00:00:00+00","2020-05-01 00:00:00+00",1130892
"2020-05-01 00:00:00+00","2020-05-01 00:00:00+00",883514
"2020-05-01 00:00:00+00","2020-05-01 00:00:00+00",1123189
"2020-05-01 00:00:00+00","2020-05-01 00:00:00+00",1303052
"2020-05-01 00:00:00+00","2020-05-01 00:00:00+00",1130710
"2020-05-01 00:00:00+00","2020-05-01 00:00:00+00",1133904
"2020-05-01 00:00:00+00","2020-05-01 00:00:00+00",1105998
"2020-05-01 00:00:00+00","2020-05-01 00:00:00+00",1145395
"2020-05-01 00:00:00+00","2020-05-01 00:00:00+00",1139152
"2020-05-01 00:00:00+00","2020-05-01 00:00:00+00",189622
"2020-05-01 00:00:00+00","2020-05-01 00:00:00+00",265721
"2020-05-01 00:00:00+00","2020-05-01 00:00:00+00",164351
"2020-05-01 00:00:00+00","2020-05-01 00:00:00+00",1009626
"2020-05-01 00:00:00+00","2020-05-01 00:00:00+00",1181511
"2020-05-01 00:00:00+00","2020-05-01 00:00:00+00",1109060
"2020-05-01 00:00:00+00","2020-05-01 00:00:00+00",1137009
"2020-05-01 00:00:00+00","2020-05-01 00:00:00+00",1068661
"2020-05-01 00:00:00+00","2020-05-01 00:00:00+00",165813
"2020-05-01 00:00:00+00","2020-05-01 00:00:00+00",771657
"2020-05-01 00:00:00+00","2020-05-01 00:00:00+00",1019238
"2020-05-01 00:00:00+00","2020-05-01 00:00:00+00",723997
"2020-05-01 00:00:00+00","2020-05-01 00:00:00+00",174000
"2020-05-01 00:00:00+00","2020-05-01 00:00:00+00",741676
"2020-05-01 00:00:00+00","2020-05-01 00:00:00+00",1140875
"2020-05-01 00:00:00+00","2020-05-01 00:00:00+00",1128566
"2020-05-01 00:00:00+00","2020-05-01 00:00:00+00",178622
"2020-05-01 00:00:00+00","2020-05-01 00:00:00+00",640152
"2020-05-01 00:00:00+00","2020-05-01 00:00:00+00",1015281
"2020-05-01 00:00:00+00","2020-05-01 00:00:00+00",1138530
"2020-05-01 00:00:00+00","2020-05-01 00:00:00+00",669723
"2020-05-01 00:00:00+00","2020-05-01 00:00:00+00",1133481
"2020-05-01 00:00:00+00","2020-05-01 00:00:00+00",1075237
"2020-05-01 00:00:00+00","2020-05-01 00:00:00+00",1041910
"2020-05-01 00:00:00+00","2020-05-01 00:00:00+00",1237896
"2020-05-01 00:00:00+00","2020-05-01 00:00:00+00",177847
"2020-05-01 00:00:00+00","2020-05-01 00:00:00+00",684350
"2020-05-01 00:00:00+00","2020-05-01 00:00:00+00",407280
"2020-05-01 00:00:00+00","2020-05-01 00:00:00+00",1251134
"2020-05-01 00:00:00+00","2020-05-01 00:00:00+00",1079098
"2020-05-01 00:00:00+00","2020-05-01 00:00:00+00",1098222
"2020-05-01 00:00:00+00","2020-05-01 00:00:00+00",1029850
"2020-05-01 00:00:00+00","2020-05-01 00:00:00+00",361525
"2020-05-01 00:00:00+00","2020-05-01 00:00:00+00",1218044
"2020-05-01 00:00:00+00","2020-05-01 00:00:00+00",1109407
"2020-05-01 00:00:00+00","2020-05-01 00:00:00+00",918041
"2020-05-01 00:00:00+00","2020-05-01 00:00:00+00",1197753
"2020-05-01 00:00:00+00","2020-05-01 00:00:00+00",692412
"2020-05-01 00:00:00+00","2020-05-01 00:00:00+00",1124323
"2020-05-01 00:00:00+00","2020-05-01 00:00:00+00",748203
"2020-05-01 00:00:00+00","2020-05-01 00:00:00+00",1265381
"2020-05-01 00:00:00+00","2020-05-01 00:00:00+00",686576
"2020-05-01 00:00:00+00","2020-05-01 00:00:00+00",569028
"2020-05-01 00:00:00+00","2020-05-01 00:00:00+00",1107138
"2020-05-01 00:00:00+00","2020-05-01 00:00:00+00",860209
"2020-05-01 00:00:00+00","2020-05-01 00:00:00+00",794694
"2020-05-01 00:00:00+00","2020-05-01 00:00:00+00",897996
"2020-05-01 00:00:00+00","2020-05-01 00:00:00+00",1142392
"2020-05-01 00:00:00+00","2020-05-01 00:00:00+00",22145
"2020-05-01 00:00:00+00","2020-06-01 00:00:00+00",704897
"2020-05-01 00:00:00+00","2020-06-01 00:00:00+00",777671
"2020-05-01 00:00:00+00","2020-06-01 00:00:00+00",215651
"2020-05-01 00:00:00+00","2020-06-01 00:00:00+00",1015214
"2020-05-01 00:00:00+00","2020-06-01 00:00:00+00",1079098
"2020-05-01 00:00:00+00","2020-06-01 00:00:00+00",739009
"2020-05-01 00:00:00+00","2020-06-01 00:00:00+00",669723
"2020-05-01 00:00:00+00","2020-06-01 00:00:00+00",1104211
"2020-05-01 00:00:00+00","2020-06-01 00:00:00+00",1178063
"2020-05-01 00:00:00+00","2020-06-01 00:00:00+00",957801
"2020-05-01 00:00:00+00","2020-06-01 00:00:00+00",1019238
"2020-05-01 00:00:00+00","2020-06-01 00:00:00+00",1119463
"2020-05-01 00:00:00+00","2020-06-01 00:00:00+00",1004366
"2020-05-01 00:00:00+00","2020-06-01 00:00:00+00",771657
"2020-05-01 00:00:00+00","2020-06-01 00:00:00+00",1141391
"2020-05-01 00:00:00+00","2020-06-01 00:00:00+00",108247
"2020-05-01 00:00:00+00","2020-06-01 00:00:00+00",962348
"2020-05-01 00:00:00+00","2020-06-01 00:00:00+00",208475
"2020-05-01 00:00:00+00","2020-06-01 00:00:00+00",603260
"2020-05-01 00:00:00+00","2020-06-01 00:00:00+00",1061135
"2020-05-01 00:00:00+00","2020-06-01 00:00:00+00",686576
"2020-05-01 00:00:00+00","2020-06-01 00:00:00+00",1088058
"2020-05-01 00:00:00+00","2020-06-01 00:00:00+00",732560
"2020-05-01 00:00:00+00","2020-06-01 00:00:00+00",741188
"2020-05-01 00:00:00+00","2020-06-01 00:00:00+00",320549
"2020-05-01 00:00:00+00","2020-06-01 00:00:00+00",1084527
"2020-05-01 00:00:00+00","2020-06-01 00:00:00+00",996817
"2020-05-01 00:00:00+00","2020-06-01 00:00:00+00",1024279
"2020-05-01 00:00:00+00","2020-06-01 00:00:00+00",611705
"2020-05-01 00:00:00+00","2020-06-01 00:00:00+00",1084745
"2020-05-01 00:00:00+00","2020-06-01 00:00:00+00",1029850
"2020-05-01 00:00:00+00","2020-06-01 00:00:00+00",1068661
"2020-05-01 00:00:00+00","2020-06-01 00:00:00+00",910715
"2020-05-01 00:00:00+00","2020-06-01 00:00:00+00",1171545
"2020-05-01 00:00:00+00","2020-06-01 00:00:00+00",952198
"2020-05-01 00:00:00+00","2020-06-01 00:00:00+00",790009
"2020-05-01 00:00:00+00","2020-06-01 00:00:00+00",189622
"2020-05-01 00:00:00+00","2020-06-01 00:00:00+00",260609
"2020-05-01 00:00:00+00","2020-06-01 00:00:00+00",694287
"2020-05-01 00:00:00+00","2020-06-01 00:00:00+00",177823
"2020-06-01 00:00:00+00","2020-06-01 00:00:00+00",207993
"2020-06-01 00:00:00+00","2020-06-01 00:00:00+00",995513
"2020-06-01 00:00:00+00","2020-06-01 00:00:00+00",1010430
"2020-06-01 00:00:00+00","2020-06-01 00:00:00+00",969091
"2020-06-01 00:00:00+00","2020-06-01 00:00:00+00",721483
"2020-06-01 00:00:00+00","2020-06-01 00:00:00+00",1152774
"2020-06-01 00:00:00+00","2020-06-01 00:00:00+00",205845
"2020-06-01 00:00:00+00","2020-06-01 00:00:00+00",1177641
"2020-06-01 00:00:00+00","2020-06-01 00:00:00+00",996481
"2020-06-01 00:00:00+00","2020-06-01 00:00:00+00",1015924
"2020-06-01 00:00:00+00","2020-06-01 00:00:00+00",313127
"2020-06-01 00:00:00+00","2020-06-01 00:00:00+00",926722
"2020-06-01 00:00:00+00","2020-06-01 00:00:00+00",960002
"2020-06-01 00:00:00+00","2020-06-01 00:00:00+00",833343
"2020-06-01 00:00:00+00","2020-06-01 00:00:00+00",980876
"2020-06-01 00:00:00+00","2020-06-01 00:00:00+00",1132673
"2020-06-01 00:00:00+00","2020-06-01 00:00:00+00",377805
"2020-06-01 00:00:00+00","2020-06-01 00:00:00+00",179631
"2020-06-01 00:00:00+00","2020-06-01 00:00:00+00",1055621
"2020-06-01 00:00:00+00","2020-06-01 00:00:00+00",204978
"2020-06-01 00:00:00+00","2020-06-01 00:00:00+00",632400
"2020-06-01 00:00:00+00","2020-06-01 00:00:00+00",710484
"2020-06-01 00:00:00+00","2020-06-01 00:00:00+00",1063510
"2020-06-01 00:00:00+00","2020-06-01 00:00:00+00",1160595
"2020-06-01 00:00:00+00","2020-06-01 00:00:00+00",1027930
"2020-06-01 00:00:00+00","2020-06-01 00:00:00+00",944685
"2020-06-01 00:00:00+00","2020-06-01 00:00:00+00",165081
"2020-06-01 00:00:00+00","2020-06-01 00:00:00+00",1147443
"2020-06-01 00:00:00+00","2020-06-01 00:00:00+00",1028495
"2020-06-01 00:00:00+00","2020-06-01 00:00:00+00",667318
"2020-06-01 00:00:00+00","2020-06-01 00:00:00+00",199062
"2020-06-01 00:00:00+00","2020-06-01 00:00:00+00",1150055
"2020-06-01 00:00:00+00","2020-06-01 00:00:00+00",721469
"2020-06-01 00:00:00+00","2020-06-01 00:00:00+00",1012858
"2020-06-01 00:00:00+00","2020-06-01 00:00:00+00",1173975
"2020-06-01 00:00:00+00","2020-06-01 00:00:00+00",693748
"2020-06-01 00:00:00+00","2020-06-01 00:00:00+00",777211
"2020-06-01 00:00:00+00","2020-06-01 00:00:00+00",583094
"2020-06-01 00:00:00+00","2020-06-01 00:00:00+00",1073833
"2020-06-01 00:00:00+00","2020-06-01 00:00:00+00",1161312
"2020-06-01 00:00:00+00","2020-06-01 00:00:00+00",186206
"2020-06-01 00:00:00+00","2020-06-01 00:00:00+00",164345
"2020-06-01 00:00:00+00","2020-06-01 00:00:00+00",1037055
"2020-06-01 00:00:00+00","2020-06-01 00:00:00+00",694549
"2020-06-01 00:00:00+00","2020-06-01 00:00:00+00",1029291
"2020-06-01 00:00:00+00","2020-06-01 00:00:00+00",1011669
"2020-06-01 00:00:00+00","2020-06-01 00:00:00+00",1022965
"2020-06-01 00:00:00+00","2020-06-01 00:00:00+00",1152738
"2020-06-01 00:00:00+00","2020-06-01 00:00:00+00",103332
"2020-06-01 00:00:00+00","2020-06-01 00:00:00+00",743293
"2020-06-01 00:00:00+00","2020-06-01 00:00:00+00",1020603
"2020-06-01 00:00:00+00","2020-06-01 00:00:00+00",1165519
"2020-06-01 00:00:00+00","2020-06-01 00:00:00+00",1019736
"2020-06-01 00:00:00+00","2020-06-01 00:00:00+00",180120
"2020-06-01 00:00:00+00","2020-06-01 00:00:00+00",119414
"2020-06-01 00:00:00+00","2020-06-01 00:00:00+00",648694
"2020-06-01 00:00:00+00","2020-06-01 00:00:00+00",1033858
"2020-06-01 00:00:00+00","2020-06-01 00:00:00+00",726879
"2020-06-01 00:00:00+00","2020-06-01 00:00:00+00",214380
"2020-06-01 00:00:00+00","2020-06-01 00:00:00+00",150443
"2020-06-01 00:00:00+00","2020-06-01 00:00:00+00",687907
"2020-06-01 00:00:00+00","2020-06-01 00:00:00+00",704434
"2020-06-01 00:00:00+00","2020-06-01 00:00:00+00",189699
"2020-06-01 00:00:00+00","2020-06-01 00:00:00+00",1136198
"2020-06-01 00:00:00+00","2020-06-01 00:00:00+00",167605
"2020-06-01 00:00:00+00","2020-06-01 00:00:00+00",363642
"2020-06-01 00:00:00+00","2020-06-01 00:00:00+00",693849
"2020-06-01 00:00:00+00","2020-06-01 00:00:00+00",610730
"2020-06-01 00:00:00+00","2020-06-01 00:00:00+00",152728
"2020-06-01 00:00:00+00","2020-06-01 00:00:00+00",224549
"2020-06-01 00:00:00+00","2020-06-01 00:00:00+00",718304
"2020-06-01 00:00:00+00","2020-06-01 00:00:00+00",186794
"2020-06-01 00:00:00+00","2020-06-01 00:00:00+00",642474
"2020-06-01 00:00:00+00","2020-06-01 00:00:00+00",1019002
"2020-06-01 00:00:00+00","2020-06-01 00:00:00+00",847654
"2020-06-01 00:00:00+00","2020-06-01 00:00:00+00",165647
"2020-06-01 00:00:00+00","2020-06-01 00:00:00+00",1041440
"2020-06-01 00:00:00+00","2020-06-01 00:00:00+00",1039845
"2020-06-01 00:00:00+00","2020-06-01 00:00:00+00",1019855
"2020-06-01 00:00:00+00","2020-06-01 00:00:00+00",706204
"2020-06-01 00:00:00+00","2020-06-01 00:00:00+00",204501
"2020-06-01 00:00:00+00","2020-06-01 00:00:00+00",1153777
"2020-06-01 00:00:00+00","2020-06-01 00:00:00+00",167810
"2020-06-01 00:00:00+00","2020-06-01 00:00:00+00",709574
"2020-06-01 00:00:00+00","2020-06-01 00:00:00+00",203802
"2020-06-01 00:00:00+00","2020-06-01 00:00:00+00",593155
"2020-06-01 00:00:00+00","2020-06-01 00:00:00+00",921294
"2020-06-01 00:00:00+00","2020-06-01 00:00:00+00",190702
"2020-06-01 00:00:00+00","2020-06-01 00:00:00+00",221994
"2020-06-01 00:00:00+00","2020-06-01 00:00:00+00",177227
"2020-06-01 00:00:00+00","2020-06-01 00:00:00+00",1025696
"2020-06-01 00:00:00+00","2020-06-01 00:00:00+00",999847
"2020-06-01 00:00:00+00","2020-06-01 00:00:00+00",1013598
"2020-06-01 00:00:00+00","2020-06-01 00:00:00+00",1031306
"2020-06-01 00:00:00+00","2020-06-01 00:00:00+00",1045100
"2020-06-01 00:00:00+00","2020-06-01 00:00:00+00",843404
"2020-06-01 00:00:00+00","2020-06-01 00:00:00+00",196851
"2020-06-01 00:00:00+00","2020-06-01 00:00:00+00",1042174
"2020-06-01 00:00:00+00","2020-06-01 00:00:00+00",1033627
"2020-06-01 00:00:00+00","2020-06-01 00:00:00+00",952386
"2020-06-01 00:00:00+00","2020-06-01 00:00:00+00",1083514
"2020-06-01 00:00:00+00","2020-06-01 00:00:00+00",220533
"2020-06-01 00:00:00+00","2020-06-01 00:00:00+00",1063153
"2020-06-01 00:00:00+00","2020-06-01 00:00:00+00",1022868
"2020-06-01 00:00:00+00","2020-06-01 00:00:00+00",1001464
"2020-06-01 00:00:00+00","2020-06-01 00:00:00+00",197230
"2020-06-01 00:00:00+00","2020-06-01 00:00:00+00",680702
"2020-06-01 00:00:00+00","2020-06-01 00:00:00+00",1030098
"2020-06-01 00:00:00+00","2020-06-01 00:00:00+00",1017720
"2020-06-01 00:00:00+00","2020-06-01 00:00:00+00",469361
"2020-06-01 00:00:00+00","2020-06-01 00:00:00+00",1135182
"2020-06-01 00:00:00+00","2020-06-01 00:00:00+00",785659
"2020-06-01 00:00:00+00","2020-06-01 00:00:00+00",1025152
"2020-06-01 00:00:00+00","2020-06-01 00:00:00+00",1088438
"2020-06-01 00:00:00+00","2020-06-01 00:00:00+00",190376
"2020-06-01 00:00:00+00","2020-06-01 00:00:00+00",1166116
"2020-06-01 00:00:00+00","2020-06-01 00:00:00+00",1124238
"2020-06-01 00:00:00+00","2020-06-01 00:00:00+00",1015813
"2020-06-01 00:00:00+00","2020-06-01 00:00:00+00",106085
"2020-06-01 00:00:00+00","2020-06-01 00:00:00+00",1033948
"2020-06-01 00:00:00+00","2020-06-01 00:00:00+00",996096
"2020-06-01 00:00:00+00","2020-06-01 00:00:00+00",770375
"2020-06-01 00:00:00+00","2020-06-01 00:00:00+00",187103
"2020-06-01 00:00:00+00","2020-06-01 00:00:00+00",1155541
"2020-06-01 00:00:00+00","2020-06-01 00:00:00+00",1098606
"2020-06-01 00:00:00+00","2020-06-01 00:00:00+00",1153011
"2020-06-01 00:00:00+00","2020-06-01 00:00:00+00",1158260
"2020-06-01 00:00:00+00","2020-06-01 00:00:00+00",190164
"2020-06-01 00:00:00+00","2020-06-01 00:00:00+00",165236
"2020-06-01 00:00:00+00","2020-06-01 00:00:00+00",1021460
"2020-06-01 00:00:00+00","2020-06-01 00:00:00+00",1025438
"2020-06-01 00:00:00+00","2020-06-01 00:00:00+00",1049320
"2020-06-01 00:00:00+00","2020-06-01 00:00:00+00",1013905
"2020-06-01 00:00:00+00","2020-06-01 00:00:00+00",738854
"2020-06-01 00:00:00+00","2020-06-01 00:00:00+00",1044721
"2020-06-01 00:00:00+00","2020-06-01 00:00:00+00",879603
"2020-06-01 00:00:00+00","2020-06-01 00:00:00+00",998357
"2020-06-01 00:00:00+00","2020-06-01 00:00:00+00",1163408
"2020-06-01 00:00:00+00","2020-06-01 00:00:00+00",103489
"2020-06-01 00:00:00+00","2020-06-01 00:00:00+00",936136
"2020-06-01 00:00:00+00","2020-06-01 00:00:00+00",173954
"2020-06-01 00:00:00+00","2020-06-01 00:00:00+00",990750
"2020-06-01 00:00:00+00","2020-06-01 00:00:00+00",210045
"2020-06-01 00:00:00+00","2020-06-01 00:00:00+00",1173410
"2020-06-01 00:00:00+00","2020-06-01 00:00:00+00",719631
"2020-06-01 00:00:00+00","2020-06-01 00:00:00+00",1020952
"2020-06-01 00:00:00+00","2020-06-01 00:00:00+00",331375
"2020-06-01 00:00:00+00","2020-06-01 00:00:00+00",187704
"2020-06-01 00:00:00+00","2020-06-01 00:00:00+00",1030524
"2020-06-01 00:00:00+00","2020-06-01 00:00:00+00",198980
"2020-06-01 00:00:00+00","2020-06-01 00:00:00+00",1077525
"2020-06-01 00:00:00+00","2020-06-01 00:00:00+00",1126282
"2020-06-01 00:00:00+00","2020-06-01 00:00:00+00",165832
"2020-06-01 00:00:00+00","2020-06-01 00:00:00+00",1024606
"2020-06-01 00:00:00+00","2020-06-01 00:00:00+00",1172260
"2020-06-01 00:00:00+00","2020-06-01 00:00:00+00",254918
"2020-06-01 00:00:00+00","2020-06-01 00:00:00+00",1005310
"2020-06-01 00:00:00+00","2020-06-01 00:00:00+00",1017866
"2020-06-01 00:00:00+00","2020-06-01 00:00:00+00",999536
"2020-06-01 00:00:00+00","2020-06-01 00:00:00+00",1135849
"2020-06-01 00:00:00+00","2020-06-01 00:00:00+00",677186
"2020-06-01 00:00:00+00","2020-06-01 00:00:00+00",302656
"2020-06-01 00:00:00+00","2020-06-01 00:00:00+00",1006307
"2020-06-01 00:00:00+00","2020-06-01 00:00:00+00",197359
"2020-06-01 00:00:00+00","2020-06-01 00:00:00+00",184824
"2020-06-01 00:00:00+00","2020-06-01 00:00:00+00",679189
"2020-06-01 00:00:00+00","2020-06-01 00:00:00+00",165888
"2020-06-01 00:00:00+00","2020-06-01 00:00:00+00",199353
"2020-06-01 00:00:00+00","2020-06-01 00:00:00+00",1087084
"2020-06-01 00:00:00+00","2020-06-01 00:00:00+00",1059791
"2020-06-01 00:00:00+00","2020-06-01 00:00:00+00",474988
"2020-06-01 00:00:00+00","2020-06-01 00:00:00+00",1166068
"2020-06-01 00:00:00+00","2020-06-01 00:00:00+00",201586
"2020-06-01 00:00:00+00","2020-06-01 00:00:00+00",1023165
"2020-06-01 00:00:00+00","2020-06-01 00:00:00+00",917745
"2020-06-01 00:00:00+00","2020-06-01 00:00:00+00",1044415
"2020-06-01 00:00:00+00","2020-06-01 00:00:00+00",326778
"2020-06-01 00:00:00+00","2020-06-01 00:00:00+00",211604
"2020-06-01 00:00:00+00","2020-06-01 00:00:00+00",918284
"2020-06-01 00:00:00+00","2020-06-01 00:00:00+00",171671
"2020-06-01 00:00:00+00","2020-06-01 00:00:00+00",762771
"2020-06-01 00:00:00+00","2020-06-01 00:00:00+00",1106081
"2020-06-01 00:00:00+00","2020-06-01 00:00:00+00",167582
"2020-06-01 00:00:00+00","2020-06-01 00:00:00+00",707886
"2020-06-01 00:00:00+00","2020-06-01 00:00:00+00",173751
"2020-06-01 00:00:00+00","2020-06-01 00:00:00+00",99792
"2020-06-01 00:00:00+00","2020-06-01 00:00:00+00",437808
"2020-06-01 00:00:00+00","2020-06-01 00:00:00+00",1021036
"2020-06-01 00:00:00+00","2020-06-01 00:00:00+00",1164617
"2020-06-01 00:00:00+00","2020-06-01 00:00:00+00",542831
"2020-06-01 00:00:00+00","2020-06-01 00:00:00+00",203861
"2020-06-01 00:00:00+00","2020-06-01 00:00:00+00",849789
"2020-06-01 00:00:00+00","2020-06-01 00:00:00+00",676158
"2020-06-01 00:00:00+00","2020-06-01 00:00:00+00",51963
"2020-06-01 00:00:00+00","2020-06-01 00:00:00+00",854874
"2020-06-01 00:00:00+00","2020-06-01 00:00:00+00",1169828
"2020-06-01 00:00:00+00","2020-06-01 00:00:00+00",1021528
"2020-06-01 00:00:00+00","2020-06-01 00:00:00+00",946274
"2020-06-01 00:00:00+00","2020-06-01 00:00:00+00",788343
"2020-06-01 00:00:00+00","2020-06-01 00:00:00+00",948455
"2020-06-01 00:00:00+00","2020-06-01 00:00:00+00",762757
"2020-06-01 00:00:00+00","2020-06-01 00:00:00+00",1041391
"2020-06-01 00:00:00+00","2020-06-01 00:00:00+00",730560
"2020-06-01 00:00:00+00","2020-06-01 00:00:00+00",201093
"2020-06-01 00:00:00+00","2020-06-01 00:00:00+00",1011605
"2020-06-01 00:00:00+00","2020-06-01 00:00:00+00",924821
"2020-06-01 00:00:00+00","2020-06-01 00:00:00+00",86657
"2020-06-01 00:00:00+00","2020-06-01 00:00:00+00",1149673
"2020-06-01 00:00:00+00","2020-06-01 00:00:00+00",1067140
"2020-06-01 00:00:00+00","2020-06-01 00:00:00+00",744048
"2020-06-01 00:00:00+00","2020-06-01 00:00:00+00",106998
"2020-06-01 00:00:00+00","2020-06-01 00:00:00+00",1031973
"2020-06-01 00:00:00+00","2020-06-01 00:00:00+00",1170952
"2020-06-01 00:00:00+00","2020-06-01 00:00:00+00",639512
"2020-06-01 00:00:00+00","2020-06-01 00:00:00+00",721803
"2020-06-01 00:00:00+00","2020-06-01 00:00:00+00",1024791
"2020-06-01 00:00:00+00","2020-06-01 00:00:00+00",226887
"2020-06-01 00:00:00+00","2020-06-01 00:00:00+00",1014583
"2020-06-01 00:00:00+00","2020-06-01 00:00:00+00",582014
"2020-06-01 00:00:00+00","2020-06-01 00:00:00+00",1002460
"2020-06-01 00:00:00+00","2020-06-01 00:00:00+00",202931
"2020-06-01 00:00:00+00","2020-06-01 00:00:00+00",1071058
"2020-06-01 00:00:00+00","2020-06-01 00:00:00+00",891596
"2020-06-01 00:00:00+00","2020-06-01 00:00:00+00",746057
"2020-06-01 00:00:00+00","2020-06-01 00:00:00+00",1027416
"2020-06-01 00:00:00+00","2020-06-01 00:00:00+00",943596
"2020-06-01 00:00:00+00","2020-06-01 00:00:00+00",1007913
"2020-06-01 00:00:00+00","2020-06-01 00:00:00+00",933476
"2020-06-01 00:00:00+00","2020-06-01 00:00:00+00",1017038
"2020-06-01 00:00:00+00","2020-06-01 00:00:00+00",192477
"2020-06-01 00:00:00+00","2020-06-01 00:00:00+00",166715
"2020-06-01 00:00:00+00","2020-06-01 00:00:00+00",204754
"2020-06-01 00:00:00+00","2020-06-01 00:00:00+00",1066596
"2020-06-01 00:00:00+00","2020-06-01 00:00:00+00",691324
"2020-06-01 00:00:00+00","2020-06-01 00:00:00+00",1174369
"2020-06-01 00:00:00+00","2020-06-01 00:00:00+00",639250
"2020-06-01 00:00:00+00","2020-06-01 00:00:00+00",696805
"2020-06-01 00:00:00+00","2020-06-01 00:00:00+00",449510
"2020-06-01 00:00:00+00","2020-06-01 00:00:00+00",1028196
"2020-06-01 00:00:00+00","2020-06-01 00:00:00+00",987351
"2020-06-01 00:00:00+00","2020-06-01 00:00:00+00",478715
"2020-06-01 00:00:00+00","2020-06-01 00:00:00+00",170251
"2020-06-01 00:00:00+00","2020-06-01 00:00:00+00",850594
"2020-06-01 00:00:00+00","2020-06-01 00:00:00+00",1167928
"2020-06-01 00:00:00+00","2020-06-01 00:00:00+00",407134
"2020-06-01 00:00:00+00","2020-06-01 00:00:00+00",1137322
"2020-06-01 00:00:00+00","2020-06-01 00:00:00+00",705870
"2020-06-01 00:00:00+00","2020-06-01 00:00:00+00",722077
"2020-06-01 00:00:00+00","2020-06-01 00:00:00+00",106125
"2020-06-01 00:00:00+00","2020-06-01 00:00:00+00",1148999
"2020-06-01 00:00:00+00","2020-06-01 00:00:00+00",1165448
"2020-06-01 00:00:00+00","2020-06-01 00:00:00+00",700374
"2020-06-01 00:00:00+00","2020-06-01 00:00:00+00",315471
"2020-06-01 00:00:00+00","2020-06-01 00:00:00+00",1013643
"2020-06-01 00:00:00+00","2020-06-01 00:00:00+00",1153767
"2020-06-01 00:00:00+00","2020-06-01 00:00:00+00",843740
"2020-06-01 00:00:00+00","2020-06-01 00:00:00+00",1060755
"2020-06-01 00:00:00+00","2020-06-01 00:00:00+00",1066092
"2020-06-01 00:00:00+00","2020-06-01 00:00:00+00",1161065
"2020-06-01 00:00:00+00","2020-06-01 00:00:00+00",733233
"2020-06-01 00:00:00+00","2020-06-01 00:00:00+00",883570
"2020-06-01 00:00:00+00","2020-06-01 00:00:00+00",196911
"2020-06-01 00:00:00+00","2020-06-01 00:00:00+00",1042968
"2020-06-01 00:00:00+00","2020-06-01 00:00:00+00",104080
"2020-06-01 00:00:00+00","2020-06-01 00:00:00+00",1089297
"2020-06-01 00:00:00+00","2020-06-01 00:00:00+00",1131319
"2020-06-01 00:00:00+00","2020-06-01 00:00:00+00",583179
"2020-06-01 00:00:00+00","2020-06-01 00:00:00+00",958817
"2020-06-01 00:00:00+00","2020-06-01 00:00:00+00",941253
"2020-06-01 00:00:00+00","2020-06-01 00:00:00+00",1076059
"2020-06-01 00:00:00+00","2020-06-01 00:00:00+00",1007216
"2020-06-01 00:00:00+00","2020-06-01 00:00:00+00",748409
"2020-06-01 00:00:00+00","2020-06-01 00:00:00+00",798035
"2020-06-01 00:00:00+00","2020-06-01 00:00:00+00",189895
"2020-06-01 00:00:00+00","2020-06-01 00:00:00+00",1006843
"2020-06-01 00:00:00+00","2020-06-01 00:00:00+00",690593
"2020-06-01 00:00:00+00","2020-06-01 00:00:00+00",106722
"2020-06-01 00:00:00+00","2020-06-01 00:00:00+00",1005000
"2020-06-01 00:00:00+00","2020-06-01 00:00:00+00",1059677
"2020-06-01 00:00:00+00","2020-06-01 00:00:00+00",1023561
"2020-06-01 00:00:00+00","2020-06-01 00:00:00+00",938137
"2020-06-01 00:00:00+00","2020-06-01 00:00:00+00",1001790
"2020-06-01 00:00:00+00","2020-06-01 00:00:00+00",715886
"2020-06-01 00:00:00+00","2020-06-01 00:00:00+00",769330
"2020-06-01 00:00:00+00","2020-06-01 00:00:00+00",180590
"2020-06-01 00:00:00+00","2020-06-01 00:00:00+00",1168452
"2020-06-01 00:00:00+00","2020-06-01 00:00:00+00",1151517
"2020-06-01 00:00:00+00","2020-06-01 00:00:00+00",970026
"2020-06-01 00:00:00+00","2020-06-01 00:00:00+00",725382
"2020-06-01 00:00:00+00","2020-06-01 00:00:00+00",183053
"2020-06-01 00:00:00+00","2020-06-01 00:00:00+00",997618
"2020-06-01 00:00:00+00","2020-06-01 00:00:00+00",588819
"2020-06-01 00:00:00+00","2020-06-01 00:00:00+00",201332
"2020-06-01 00:00:00+00","2020-06-01 00:00:00+00",709151
"2020-06-01 00:00:00+00","2020-06-01 00:00:00+00",986667
"2020-06-01 00:00:00+00","2020-06-01 00:00:00+00",28749
"2020-06-01 00:00:00+00","2020-06-01 00:00:00+00",1029696
"2020-06-01 00:00:00+00","2020-06-01 00:00:00+00",187424
"2020-06-01 00:00:00+00","2020-06-01 00:00:00+00",729837
"2020-06-01 00:00:00+00","2020-06-01 00:00:00+00",198142
"2020-06-01 00:00:00+00","2020-06-01 00:00:00+00",1072342
"2020-06-01 00:00:00+00","2020-06-01 00:00:00+00",1085805
"2020-06-01 00:00:00+00","2020-06-01 00:00:00+00",1007535
"2020-06-01 00:00:00+00","2020-06-01 00:00:00+00",1128344
"2020-06-01 00:00:00+00","2020-06-01 00:00:00+00",963575
"2020-06-01 00:00:00+00","2020-06-01 00:00:00+00",288385
"2020-06-01 00:00:00+00","2020-06-01 00:00:00+00",1174541
"2020-06-01 00:00:00+00","2020-06-01 00:00:00+00",1006067
"2020-06-01 00:00:00+00","2020-06-01 00:00:00+00",726801
"2020-06-01 00:00:00+00","2020-06-01 00:00:00+00",1011677
"2020-06-01 00:00:00+00","2020-06-01 00:00:00+00",919815
"2020-06-01 00:00:00+00","2020-06-01 00:00:00+00",582596
"2020-06-01 00:00:00+00","2020-06-01 00:00:00+00",903750
"2020-06-01 00:00:00+00","2020-06-01 00:00:00+00",1050354
"2020-06-01 00:00:00+00","2020-06-01 00:00:00+00",1082063
"2020-06-01 00:00:00+00","2020-06-01 00:00:00+00",311470
"2020-06-01 00:00:00+00","2020-06-01 00:00:00+00",1149959
"2020-06-01 00:00:00+00","2020-06-01 00:00:00+00",1004284
"2020-06-01 00:00:00+00","2020-06-01 00:00:00+00",995784
"2020-06-01 00:00:00+00","2020-06-01 00:00:00+00",134763
"2020-06-01 00:00:00+00","2020-06-01 00:00:00+00",1012307
"2020-06-01 00:00:00+00","2020-06-01 00:00:00+00",919061
"2020-06-01 00:00:00+00","2020-06-01 00:00:00+00",1052842
"2020-06-01 00:00:00+00","2020-06-01 00:00:00+00",1035418
"2020-06-01 00:00:00+00","2020-06-01 00:00:00+00",1171434
"2020-06-01 00:00:00+00","2020-06-01 00:00:00+00",175032
"2020-06-01 00:00:00+00","2020-06-01 00:00:00+00",31799
"2020-06-01 00:00:00+00","2020-06-01 00:00:00+00",740992
"2020-06-01 00:00:00+00","2020-06-01 00:00:00+00",198015
"2020-06-01 00:00:00+00","2020-06-01 00:00:00+00",735419
"2020-06-01 00:00:00+00","2020-06-01 00:00:00+00",690502
"2020-06-01 00:00:00+00","2020-06-01 00:00:00+00",1021944
"2020-06-01 00:00:00+00","2020-06-01 00:00:00+00",716918
"2020-06-01 00:00:00+00","2020-06-01 00:00:00+00",401112
"2020-06-01 00:00:00+00","2020-06-01 00:00:00+00",199135
"2020-06-01 00:00:00+00","2020-06-01 00:00:00+00",167875
"2020-06-01 00:00:00+00","2020-06-01 00:00:00+00",947445
"2020-06-01 00:00:00+00","2020-06-01 00:00:00+00",1040226
"2020-06-01 00:00:00+00","2020-06-01 00:00:00+00",1012345
"2020-06-01 00:00:00+00","2020-06-01 00:00:00+00",1013708
"2020-06-01 00:00:00+00","2020-06-01 00:00:00+00",418507
"2020-06-01 00:00:00+00","2020-06-01 00:00:00+00",201977
"2020-06-01 00:00:00+00","2020-06-01 00:00:00+00",745420
"2020-06-01 00:00:00+00","2020-06-01 00:00:00+00",1077863
"2020-06-01 00:00:00+00","2020-06-01 00:00:00+00",1081186
"2020-06-01 00:00:00+00","2020-06-01 00:00:00+00",688237
"2020-06-01 00:00:00+00","2020-06-01 00:00:00+00",894560
"2020-06-01 00:00:00+00","2020-06-01 00:00:00+00",731338
"2020-06-01 00:00:00+00","2020-06-01 00:00:00+00",104586
"2020-06-01 00:00:00+00","2020-06-01 00:00:00+00",599664
"2020-06-01 00:00:00+00","2020-06-01 00:00:00+00",724053
"2020-06-01 00:00:00+00","2020-06-01 00:00:00+00",106646
"2020-06-01 00:00:00+00","2020-06-01 00:00:00+00",1009368
